Mouse ID,Drug Regimen,Sex,Age_months,Weight (g),Timepoint,Tumor Volume (mm3),Metastatic Sites,id_time
k403,Ramicane,Male,21,16,0,45.0,0,k403-0
k403,Ramicane,Male,21,16,5,38.82589807,0,k403-5
k403,Ramicane,Male,21,16,10,35.01427146,1,k403-10
k403,Ramicane,Male,21,16,15,34.22399174,1,k403-15
k403,Ramicane,Male,21,16,20,32.99772858,1,k403-20
k403,Ramicane,Male,21,16,25,33.46457735,1,k403-25
k403,Ramicane,Male,21,16,30,31.09949753,1,k403-30
k403,Ramicane,Male,21,16,35,26.54699343,1,k403-35
k403,Ramicane,Male,21,16,40,24.36550471,1,k403-40
k403,Ramicane,Male,21,16,45,22.05012627,1,k403-45
s185,Capomulin,Female,3,17,0,45.0,0,s185-0
s185,Capomulin,Female,3,17,5,43.87849569,0,s185-5
s185,Capomulin,Female,3,17,10,37.61494768,0,s185-10
s185,Capomulin,Female,3,17,15,38.17723195,0,s185-15
s185,Capomulin,Female,3,17,20,36.86687576,0,s185-20
s185,Capomulin,Female,3,17,25,33.94994037,0,s185-25
s185,Capomulin,Female,3,17,30,32.95967078,1,s185-30
s185,Capomulin,Female,3,17,35,28.32853059,1,s185-35
s185,Capomulin,Female,3,17,40,25.47214326,1,s185-40
s185,Capomulin,Female,3,17,45,23.34359787,1,s185-45
x401,Capomulin,Female,16,15,0,45.0,0,x401-0
x401,Capomulin,Female,16,15,5,45.47375302,0,x401-5
x401,Capomulin,Female,16,15,10,39.11389068,0,x401-10
x401,Capomulin,Female,16,15,15,39.77625003,0,x401-15
x401,Capomulin,Female,16,15,20,36.06583471,0,x401-20
x401,Capomulin,Female,16,15,25,36.61712031,0,x401-25
x401,Capomulin,Female,16,15,30,32.91529186,0,x401-30
x401,Capomulin,Female,16,15,35,30.20682488,0,x401-35
x401,Capomulin,Female,16,15,40,28.16739732,0,x401-40
x401,Capomulin,Female,16,15,45,28.48403281,0,x401-45
m601,Capomulin,Male,22,17,0,45.0,0,m601-0
m601,Capomulin,Male,22,17,5,41.40859145,1,m601-5
m601,Capomulin,Male,22,17,10,36.82536664,1,m601-10
m601,Capomulin,Male,22,17,15,35.46461175,1,m601-15
m601,Capomulin,Male,22,17,20,34.255731700000005,1,m601-20
m601,Capomulin,Male,22,17,25,33.11875607,1,m601-25
m601,Capomulin,Male,22,17,30,31.75827491,1,m601-30
m601,Capomulin,Male,22,17,35,30.83435704,1,m601-35
m601,Capomulin,Male,22,17,40,31.378045299999997,1,m601-40
m601,Capomulin,Male,22,17,45,28.43096411,1,m601-45
g791,Ramicane,Male,11,16,0,45.0,0,g791-0
g791,Ramicane,Male,11,16,5,45.85153062,0,g791-5
g791,Ramicane,Male,11,16,10,40.17055848,0,g791-10
g791,Ramicane,Male,11,16,15,40.67812852,0,g791-15
g791,Ramicane,Male,11,16,20,41.211897,0,g791-20
g791,Ramicane,Male,11,16,25,35.56939935,1,g791-25
g791,Ramicane,Male,11,16,30,34.95258284,1,g791-30
g791,Ramicane,Male,11,16,35,30.96039194,1,g791-35
g791,Ramicane,Male,11,16,40,31.36940573,1,g791-40
g791,Ramicane,Male,11,16,45,29.12847181,1,g791-45
s508,Ramicane,Male,1,17,0,45.0,0,s508-0
s508,Ramicane,Male,1,17,5,38.71187185,0,s508-5
s508,Ramicane,Male,1,17,10,34.850997899999996,0,s508-10
s508,Ramicane,Male,1,17,15,35.27690634,0,s508-15
s508,Ramicane,Male,1,17,20,35.92865083,0,s508-20
s508,Ramicane,Male,1,17,25,36.33856894,0,s508-25
s508,Ramicane,Male,1,17,30,35.47402235,0,s508-30
s508,Ramicane,Male,1,17,35,35.8461407,0,s508-35
s508,Ramicane,Male,1,17,40,32.79817119,0,s508-40
s508,Ramicane,Male,1,17,45,30.27623175,0,s508-45
f966,Capomulin,Male,16,17,0,45.0,0,f966-0
f966,Capomulin,Male,16,17,5,38.79647373,0,f966-5
f966,Capomulin,Male,16,17,10,35.6244027,0,f966-10
f966,Capomulin,Male,16,17,15,32.62300253,0,f966-15
f966,Capomulin,Male,16,17,20,30.48598484,0,f966-20
m546,Ramicane,Male,18,16,0,45.0,0,m546-0
m546,Ramicane,Male,18,16,5,42.99887638,0,m546-5
m546,Ramicane,Male,18,16,10,43.74822357,0,m546-10
m546,Ramicane,Male,18,16,15,39.89743533,0,m546-15
m546,Ramicane,Male,18,16,20,36.71229535,0,m546-20
m546,Ramicane,Male,18,16,25,37.44444543,0,m546-25
m546,Ramicane,Male,18,16,30,37.96993365,0,m546-30
m546,Ramicane,Male,18,16,35,38.62753581,1,m546-35
m546,Ramicane,Male,18,16,40,35.114575200000004,1,m546-40
m546,Ramicane,Male,18,16,45,30.56462509,1,m546-45
z578,Ramicane,Male,11,16,0,45.0,0,z578-0
z578,Ramicane,Male,11,16,5,42.18878662,0,z578-5
z578,Ramicane,Male,11,16,10,42.95211843,0,z578-10
z578,Ramicane,Male,11,16,15,38.68851607,0,z578-15
z578,Ramicane,Male,11,16,20,36.89001635,0,z578-20
z578,Ramicane,Male,11,16,25,37.41411419,0,z578-25
z578,Ramicane,Male,11,16,30,37.81593487,0,z578-30
z578,Ramicane,Male,11,16,35,38.50482444,0,z578-35
z578,Ramicane,Male,11,16,40,34.02209336,0,z578-40
z578,Ramicane,Male,11,16,45,30.63869575,0,z578-45
j913,Ramicane,Female,4,17,0,45.0,0,j913-0
j913,Ramicane,Female,4,17,5,44.01490022,0,j913-5
j913,Ramicane,Female,4,17,10,44.49716216,0,j913-10
j913,Ramicane,Female,4,17,15,45.25253427,0,j913-15
j913,Ramicane,Female,4,17,20,42.16834132,0,j913-20
j913,Ramicane,Female,4,17,25,37.86066936,0,j913-25
j913,Ramicane,Female,4,17,30,34.75724046,0,j913-30
j913,Ramicane,Female,4,17,35,35.17014843,0,j913-35
j913,Ramicane,Female,4,17,40,31.00186078,1,j913-40
j913,Ramicane,Female,4,17,45,31.56046955,1,j913-45
u364,Capomulin,Male,18,17,0,45.0,0,u364-0
u364,Capomulin,Male,18,17,5,45.76088647,1,u364-5
u364,Capomulin,Male,18,17,10,46.56841719,2,u364-10
u364,Capomulin,Male,18,17,15,47.21219992,2,u364-15
u364,Capomulin,Male,18,17,20,40.34394812,2,u364-20
u364,Capomulin,Male,18,17,25,35.50361557,2,u364-25
u364,Capomulin,Male,18,17,30,35.9783344,2,u364-30
u364,Capomulin,Male,18,17,35,35.45948978,2,u364-35
u364,Capomulin,Male,18,17,40,36.02413752,2,u364-40
u364,Capomulin,Male,18,17,45,31.02392294,3,u364-45
n364,Ramicane,Male,4,17,0,45.0,0,n364-0
n364,Ramicane,Male,4,17,5,45.52187471,0,n364-5
n364,Ramicane,Male,4,17,10,40.3751382,0,n364-10
n364,Ramicane,Male,4,17,15,36.94027399,0,n364-15
n364,Ramicane,Male,4,17,20,37.4788685,0,n364-20
n364,Ramicane,Male,4,17,25,33.20500824,0,n364-25
n364,Ramicane,Male,4,17,30,33.817758000000005,0,n364-30
n364,Ramicane,Male,4,17,35,34.48752204,1,n364-35
n364,Ramicane,Male,4,17,40,34.95473311,1,n364-40
n364,Ramicane,Male,4,17,45,31.09533505,1,n364-45
y793,Capomulin,Male,17,17,0,45.0,0,y793-0
y793,Capomulin,Male,17,17,5,41.01991315,0,y793-5
y793,Capomulin,Male,17,17,10,41.63001026,1,y793-10
y793,Capomulin,Male,17,17,15,42.28366512,1,y793-15
y793,Capomulin,Male,17,17,20,40.71642815,2,y793-20
y793,Capomulin,Male,17,17,25,38.9927339,2,y793-25
y793,Capomulin,Male,17,17,30,35.72602314,2,y793-30
y793,Capomulin,Male,17,17,35,36.3278696,2,y793-35
y793,Capomulin,Male,17,17,40,31.47541076,2,y793-40
y793,Capomulin,Male,17,17,45,31.896238399999998,2,y793-45
r554,Capomulin,Female,8,17,0,45.0,0,r554-0
r554,Capomulin,Female,8,17,5,45.78174579,1,r554-5
r554,Capomulin,Female,8,17,10,39.0054935,2,r554-10
r554,Capomulin,Female,8,17,15,35.46375763,2,r554-15
r554,Capomulin,Female,8,17,20,36.01558858,2,r554-20
r554,Capomulin,Female,8,17,25,33.89334515,3,r554-25
r554,Capomulin,Female,8,17,30,32.68065459,3,r554-30
r554,Capomulin,Female,8,17,35,33.06933705,3,r554-35
r554,Capomulin,Female,8,17,40,31.80484133,3,r554-40
r554,Capomulin,Female,8,17,45,32.37735684,3,r554-45
m957,Capomulin,Female,3,19,0,45.0,0,m957-0
m957,Capomulin,Female,3,19,5,45.62238149,1,m957-5
m957,Capomulin,Female,3,19,10,46.414517700000005,1,m957-10
m957,Capomulin,Female,3,19,15,39.80445341,1,m957-15
m957,Capomulin,Female,3,19,20,38.90934919,1,m957-20
m957,Capomulin,Female,3,19,25,37.69543154,1,m957-25
m957,Capomulin,Female,3,19,30,38.21247939,1,m957-30
m957,Capomulin,Female,3,19,35,32.56283914,1,m957-35
m957,Capomulin,Female,3,19,40,32.94761484,1,m957-40
m957,Capomulin,Female,3,19,45,33.32909778,1,m957-45
c758,Ramicane,Male,9,17,0,45.0,0,c758-0
c758,Ramicane,Male,9,17,5,45.5786783,0,c758-5
c758,Ramicane,Male,9,17,10,46.28799223,0,c758-10
c758,Ramicane,Male,9,17,15,46.94094512,1,c758-15
c758,Ramicane,Male,9,17,20,43.1263114,1,c758-20
c758,Ramicane,Male,9,17,25,43.602267299999994,1,c758-25
c758,Ramicane,Male,9,17,30,44.11827028,1,c758-30
c758,Ramicane,Male,9,17,35,37.80238546,1,c758-35
c758,Ramicane,Male,9,17,40,32.83318858,1,c758-40
c758,Ramicane,Male,9,17,45,33.39765251,1,c758-45
t565,Capomulin,Female,20,17,0,45.0,0,t565-0
t565,Capomulin,Female,20,17,5,45.8956472,0,t565-5
t565,Capomulin,Female,20,17,10,46.74900552,0,t565-10
t565,Capomulin,Female,20,17,15,44.44094861,0,t565-15
t565,Capomulin,Female,20,17,20,39.0702138,0,t565-20
t565,Capomulin,Female,20,17,25,37.34220976,0,t565-25
t565,Capomulin,Female,20,17,30,32.86891617,0,t565-30
t565,Capomulin,Female,20,17,35,33.51567063,0,t565-35
t565,Capomulin,Female,20,17,40,33.94934131,0,t565-40
t565,Capomulin,Female,20,17,45,34.45529799,0,t565-45
a644,Ramicane,Female,7,17,0,45.0,0,a644-0
a644,Ramicane,Female,7,17,5,45.55015754,0,a644-5
a644,Ramicane,Female,7,17,10,46.38071258,0,a644-10
a644,Ramicane,Female,7,17,15,46.91089166,0,a644-15
a644,Ramicane,Female,7,17,20,45.86506461,0,a644-20
a644,Ramicane,Female,7,17,25,41.48122408,0,a644-25
a644,Ramicane,Female,7,17,30,37.21112063,0,a644-30
a644,Ramicane,Female,7,17,35,35.12863083,0,a644-35
a644,Ramicane,Female,7,17,40,35.77945086,0,a644-40
a644,Ramicane,Female,7,17,45,32.97852192,1,a644-45
i177,Ramicane,Male,10,18,0,45.0,0,i177-0
i177,Ramicane,Male,10,18,5,44.06539783,0,i177-5
i177,Ramicane,Male,10,18,10,41.02092924,0,i177-10
i177,Ramicane,Male,10,18,15,40.33093479,0,i177-15
i177,Ramicane,Male,10,18,20,35.34536136,0,i177-20
i177,Ramicane,Male,10,18,25,34.0821803,1,i177-25
i177,Ramicane,Male,10,18,30,34.71147302,1,i177-30
i177,Ramicane,Male,10,18,35,35.1521662,1,i177-35
i177,Ramicane,Male,10,18,40,35.55793279,2,i177-40
i177,Ramicane,Male,10,18,45,33.56240217,3,i177-45
j989,Ramicane,Male,8,19,0,45.0,0,j989-0
j989,Ramicane,Male,8,19,5,45.62071835,1,j989-5
j989,Ramicane,Male,8,19,10,46.34383237,1,j989-10
j989,Ramicane,Male,8,19,15,41.12835439,1,j989-15
j989,Ramicane,Male,8,19,20,41.63534426,1,j989-20
j989,Ramicane,Male,8,19,25,39.93411249,1,j989-25
j989,Ramicane,Male,8,19,30,34.67178107,1,j989-30
j989,Ramicane,Male,8,19,35,35.1155898,1,j989-35
j989,Ramicane,Male,8,19,40,35.50119014,1,j989-40
j989,Ramicane,Male,8,19,45,36.13485243,1,j989-45
i738,Capomulin,Female,23,20,0,45.0,0,i738-0
i738,Capomulin,Female,23,20,5,45.59568527,0,i738-5
i738,Capomulin,Female,23,20,10,43.42101414,0,i738-10
i738,Capomulin,Female,23,20,15,37.97877782,0,i738-15
i738,Capomulin,Female,23,20,20,38.53113634,0,i738-20
i738,Capomulin,Female,23,20,25,34.97343761,0,i738-25
i738,Capomulin,Female,23,20,30,35.57877987,1,i738-30
i738,Capomulin,Female,23,20,35,36.17595269,1,i738-35
i738,Capomulin,Female,23,20,40,36.84389799,2,i738-40
i738,Capomulin,Female,23,20,45,37.31184577,2,i738-45
a520,Ramicane,Male,13,21,0,45.0,0,a520-0
a520,Ramicane,Male,13,21,5,38.72370695,0,a520-5
a520,Ramicane,Male,13,21,10,36.42938781,0,a520-10
a520,Ramicane,Male,13,21,15,35.590253999999995,0,a520-15
a520,Ramicane,Male,13,21,20,35.94774514,0,a520-20
a520,Ramicane,Male,13,21,25,36.55858129,1,a520-25
a520,Ramicane,Male,13,21,30,36.94770981,1,a520-30
a520,Ramicane,Male,13,21,35,37.62471026,1,a520-35
a520,Ramicane,Male,13,21,40,38.25972497,1,a520-40
a520,Ramicane,Male,13,21,45,38.81036633,1,a520-45
w914,Capomulin,Male,24,21,0,45.0,0,w914-0
w914,Capomulin,Male,24,21,5,45.89372032,0,w914-5
w914,Capomulin,Male,24,21,10,43.23196275,0,w914-10
w914,Capomulin,Male,24,21,15,43.68844893,0,w914-15
w914,Capomulin,Male,24,21,20,41.10809233,0,w914-20
w914,Capomulin,Male,24,21,25,40.29191661,0,w914-25
w914,Capomulin,Male,24,21,30,40.99311013,0,w914-30
w914,Capomulin,Male,24,21,35,41.66491577,1,w914-35
w914,Capomulin,Male,24,21,40,35.61130861,2,w914-40
w914,Capomulin,Male,24,21,45,36.04104736,2,w914-45
r811,Ramicane,Male,9,19,0,45.0,0,r811-0
r811,Ramicane,Male,9,19,5,45.62580225,0,r811-5
r811,Ramicane,Male,9,19,10,39.453903000000004,0,r811-10
r811,Ramicane,Male,9,19,15,40.02229235,0,r811-15
r811,Ramicane,Male,9,19,20,40.7728027,0,r811-20
r811,Ramicane,Male,9,19,25,37.61401068,0,r811-25
r811,Ramicane,Male,9,19,30,38.24206639,0,r811-30
r811,Ramicane,Male,9,19,35,36.00302016,1,r811-35
r811,Ramicane,Male,9,19,40,36.5200329,1,r811-40
r811,Ramicane,Male,9,19,45,37.22565033,1,r811-45
g288,Capomulin,Male,3,19,0,45.0,0,g288-0
g288,Capomulin,Male,3,19,5,45.83939976,0,g288-5
g288,Capomulin,Male,3,19,10,46.30400254,1,g288-10
g288,Capomulin,Male,3,19,15,42.17230079,1,g288-15
g288,Capomulin,Male,3,19,20,42.95712001,1,g288-20
g288,Capomulin,Male,3,19,25,42.36869239,1,g288-25
g288,Capomulin,Male,3,19,30,42.87446056,1,g288-30
g288,Capomulin,Male,3,19,35,38.95411458,1,g288-35
g288,Capomulin,Male,3,19,40,36.35685121,1,g288-40
g288,Capomulin,Male,3,19,45,37.07402422,1,g288-45
i334,Ramicane,Female,8,20,0,45.0,0,i334-0
i334,Ramicane,Female,8,20,5,41.02051821,0,i334-5
i334,Ramicane,Female,8,20,10,41.63124731,0,i334-10
i334,Ramicane,Female,8,20,15,39.15800115,0,i334-15
i334,Ramicane,Female,8,20,20,39.687831700000004,0,i334-20
i334,Ramicane,Female,8,20,25,38.24881732,1,i334-25
i334,Ramicane,Female,8,20,30,39.00555435,1,i334-30
i334,Ramicane,Female,8,20,35,39.7695521,2,i334-35
i334,Ramicane,Female,8,20,40,40.44237037,2,i334-40
i334,Ramicane,Female,8,20,45,36.37451039,2,i334-45
q610,Ramicane,Female,18,21,0,45.0,0,q610-0
q610,Ramicane,Female,18,21,5,45.62949421,0,q610-5
q610,Ramicane,Female,18,21,10,44.99148471,0,q610-10
q610,Ramicane,Female,18,21,15,45.88902756,0,q610-15
q610,Ramicane,Female,18,21,20,46.58543347,0,q610-20
q610,Ramicane,Female,18,21,25,40.14645019,0,q610-25
q610,Ramicane,Female,18,21,30,40.66834256,1,q610-30
q610,Ramicane,Female,18,21,35,36.56165229,2,q610-35
d251,Ramicane,Female,8,19,0,45.0,0,d251-0
d251,Ramicane,Female,8,19,5,41.74635495,1,d251-5
d251,Ramicane,Female,8,19,10,42.43225791,1,d251-10
d251,Ramicane,Female,8,19,15,39.47278744,1,d251-15
d251,Ramicane,Female,8,19,20,37.65209085,1,d251-20
d251,Ramicane,Female,8,19,25,38.09751328,1,d251-25
d251,Ramicane,Female,8,19,30,38.71825638,2,d251-30
d251,Ramicane,Female,8,19,35,37.70852942,2,d251-35
d251,Ramicane,Female,8,19,40,38.26540379,2,d251-40
d251,Ramicane,Female,8,19,45,37.31123552,2,d251-45
l897,Capomulin,Male,17,19,0,45.0,0,l897-0
l897,Capomulin,Male,17,19,5,45.46224327,0,l897-5
l897,Capomulin,Male,17,19,10,46.15473721,0,l897-10
l897,Capomulin,Male,17,19,15,44.0615214,0,l897-15
l897,Capomulin,Male,17,19,20,44.81309343,0,l897-20
l897,Capomulin,Male,17,19,25,45.35467916,0,l897-25
l897,Capomulin,Male,17,19,30,39.35279201,1,l897-30
l897,Capomulin,Male,17,19,35,37.68276664,1,l897-35
l897,Capomulin,Male,17,19,40,38.34390154,1,l897-40
l897,Capomulin,Male,17,19,45,38.84687569,1,l897-45
c458,Ramicane,Female,23,20,0,45.0,0,c458-0
c458,Ramicane,Female,23,20,5,45.72227949,0,c458-5
c458,Ramicane,Female,23,20,10,44.45437828,1,c458-10
c458,Ramicane,Female,23,20,15,45.10742313,2,c458-15
c458,Ramicane,Female,23,20,20,39.50513508,2,c458-20
c458,Ramicane,Female,23,20,25,37.75314964,2,c458-25
c458,Ramicane,Female,23,20,30,38.34200823,2,c458-30
b742,Capomulin,Male,7,21,0,45.0,0,b742-0
b742,Capomulin,Male,7,21,5,41.53409702,0,b742-5
b742,Capomulin,Male,7,21,10,41.99922813,0,b742-10
b742,Capomulin,Male,7,21,15,39.52484301,0,b742-15
b742,Capomulin,Male,7,21,20,37.95035546,0,b742-20
b742,Capomulin,Male,7,21,25,38.61768433,0,b742-25
b742,Capomulin,Male,7,21,30,39.1679495,0,b742-30
b742,Capomulin,Male,7,21,35,39.84757556,0,b742-35
b742,Capomulin,Male,7,21,40,38.255627399999995,0,b742-40
b742,Capomulin,Male,7,21,45,38.93963263,0,b742-45
b128,Capomulin,Female,9,22,0,45.0,0,b128-0
b128,Capomulin,Female,9,22,5,45.65133131,0,b128-5
b128,Capomulin,Female,9,22,10,43.2708519,0,b128-10
b128,Capomulin,Female,9,22,15,43.78489343,0,b128-15
b128,Capomulin,Female,9,22,20,42.731552,0,b128-20
b128,Capomulin,Female,9,22,25,43.26214483,1,b128-25
b128,Capomulin,Female,9,22,30,40.60533486,1,b128-30
b128,Capomulin,Female,9,22,35,37.96764437,1,b128-35
b128,Capomulin,Female,9,22,40,38.3797259,2,b128-40
b128,Capomulin,Female,9,22,45,38.98287774,2,b128-45
j246,Capomulin,Female,21,21,0,45.0,0,j246-0
j246,Capomulin,Female,21,21,5,45.64143788,0,j246-5
j246,Capomulin,Female,21,21,10,46.408361299999996,0,j246-10
j246,Capomulin,Female,21,21,15,43.31265415,0,j246-15
j246,Capomulin,Female,21,21,20,44.02037009,0,j246-20
j246,Capomulin,Female,21,21,25,44.55522595,0,j246-25
j246,Capomulin,Female,21,21,30,38.04408202,1,j246-30
j246,Capomulin,Female,21,21,35,38.75326548,1,j246-35
a411,Ramicane,Male,3,22,0,45.0,0,a411-0
a411,Ramicane,Male,3,22,5,45.46667714,0,a411-5
a411,Ramicane,Male,3,22,10,40.75978762,1,a411-10
a411,Ramicane,Male,3,22,15,41.48416885,1,a411-15
a411,Ramicane,Male,3,22,20,38.08737318,1,a411-20
a411,Ramicane,Male,3,22,25,38.701438399999994,1,a411-25
a411,Ramicane,Male,3,22,30,39.13073724,1,a411-30
a411,Ramicane,Male,3,22,35,39.71723589,1,a411-35
a411,Ramicane,Male,3,22,40,40.25881765,1,a411-40
a411,Ramicane,Male,3,22,45,38.407618299999996,1,a411-45
j119,Capomulin,Female,7,23,0,45.0,0,j119-0
j119,Capomulin,Female,7,23,5,45.83899787,0,j119-5
j119,Capomulin,Female,7,23,10,46.42536551,0,j119-10
j119,Capomulin,Female,7,23,15,47.32298428,0,j119-15
j119,Capomulin,Female,7,23,20,48.15820939,1,j119-20
j119,Capomulin,Female,7,23,25,42.41716589,1,j119-25
j119,Capomulin,Female,7,23,30,43.01368114,1,j119-30
j119,Capomulin,Female,7,23,35,43.76570537,1,j119-35
j119,Capomulin,Female,7,23,40,44.5850896,1,j119-40
j119,Capomulin,Female,7,23,45,38.125164399999996,1,j119-45
w150,Capomulin,Male,23,23,0,45.0,0,w150-0
w150,Capomulin,Male,23,23,5,39.20212894,0,w150-5
w150,Capomulin,Male,23,23,10,39.95234669,0,w150-10
v923,Capomulin,Female,19,21,0,45.0,0,v923-0
v923,Capomulin,Female,19,21,5,45.70443431,0,v923-5
v923,Capomulin,Female,19,21,10,39.84822328,0,v923-10
v923,Capomulin,Female,19,21,15,40.45798877,0,v923-15
v923,Capomulin,Female,19,21,20,39.64829568,0,v923-20
v923,Capomulin,Female,19,21,25,40.15641269,1,v923-25
v923,Capomulin,Female,19,21,30,40.75221626,2,v923-30
v923,Capomulin,Female,19,21,35,41.43924156,2,v923-35
v923,Capomulin,Female,19,21,40,42.1510148,2,v923-40
v923,Capomulin,Female,19,21,45,40.65812366,2,v923-45
g316,Capomulin,Female,22,22,0,45.0,0,g316-0
g316,Capomulin,Female,22,22,5,44.02275246,0,g316-5
g316,Capomulin,Female,22,22,10,44.50204246,0,g316-10
g316,Capomulin,Female,22,22,15,45.21674299,0,g316-15
g316,Capomulin,Female,22,22,20,45.93332219,1,g316-20
g316,Capomulin,Female,22,22,25,46.80922469,1,g316-25
g316,Capomulin,Female,22,22,30,44.22147988,2,g316-30
g316,Capomulin,Female,22,22,35,44.70283296,2,g316-35
g316,Capomulin,Female,22,22,40,45.56582103,2,g316-40
g316,Capomulin,Female,22,22,45,40.1592203,2,g316-45
s710,Capomulin,Female,1,23,0,45.0,0,s710-0
s710,Capomulin,Female,1,23,5,43.180977399999996,0,s710-5
s710,Capomulin,Female,1,23,10,43.68802627,0,s710-10
s710,Capomulin,Female,1,23,15,41.84523536,0,s710-15
s710,Capomulin,Female,1,23,20,42.62996266,1,s710-20
s710,Capomulin,Female,1,23,25,43.06040875,1,s710-25
s710,Capomulin,Female,1,23,30,43.57170323,1,s710-30
s710,Capomulin,Female,1,23,35,44.16051879,1,s710-35
s710,Capomulin,Female,1,23,40,40.17192011,1,s710-40
s710,Capomulin,Female,1,23,45,40.72857787,1,s710-45
l509,Capomulin,Male,17,21,0,45.0,0,l509-0
l509,Capomulin,Male,17,21,5,45.85119285,0,l509-5
l509,Capomulin,Male,17,21,10,46.75907363,0,l509-10
l509,Capomulin,Male,17,21,15,47.48859931,1,l509-15
l509,Capomulin,Male,17,21,20,48.07045162,2,l509-20
l509,Capomulin,Male,17,21,25,44.00625702,2,l509-25
l509,Capomulin,Male,17,21,30,44.70805473,2,l509-30
l509,Capomulin,Male,17,21,35,40.207288500000004,2,l509-35
l509,Capomulin,Male,17,21,40,40.77081259,2,l509-40
l509,Capomulin,Male,17,21,45,41.48300765,3,l509-45
r944,Capomulin,Male,12,25,0,45.0,0,r944-0
r944,Capomulin,Male,12,25,5,45.73714484,0,r944-5
r944,Capomulin,Male,12,25,10,46.54429202,0,r944-10
r944,Capomulin,Male,12,25,15,47.37342325,0,r944-15
r944,Capomulin,Male,12,25,20,43.22567119,1,r944-20
r944,Capomulin,Male,12,25,25,41.08699106,1,r944-25
r944,Capomulin,Male,12,25,30,41.68079111,1,r944-30
r944,Capomulin,Male,12,25,35,40.40176542,2,r944-35
r944,Capomulin,Male,12,25,40,41.04204489999999,2,r944-40
r944,Capomulin,Male,12,25,45,41.58152074,2,r944-45
e662,Ramicane,Male,8,24,0,45.0,0,e662-0
e662,Ramicane,Male,8,24,5,45.81628252,0,e662-5
e662,Ramicane,Male,8,24,10,46.40908385,0,e662-10
e662,Ramicane,Male,8,24,15,43.55377339,0,e662-15
e662,Ramicane,Male,8,24,20,44.0012958,0,e662-20
e662,Ramicane,Male,8,24,25,44.66459432,1,e662-25
e662,Ramicane,Male,8,24,30,45.35023242,1,e662-30
e662,Ramicane,Male,8,24,35,43.22027636,1,e662-35
e662,Ramicane,Male,8,24,40,44.00672385,2,e662-40
e662,Ramicane,Male,8,24,45,40.65900627,2,e662-45
u196,Ramicane,Male,18,25,0,45.0,0,u196-0
u196,Ramicane,Male,18,25,5,45.55746444,1,u196-5
u196,Ramicane,Male,18,25,10,46.42294306,1,u196-10
u196,Ramicane,Male,18,25,15,47.22717065,1,u196-15
u196,Ramicane,Male,18,25,20,46.10536303,1,u196-20
u196,Ramicane,Male,18,25,25,46.70532539999999,1,u196-25
u196,Ramicane,Male,18,25,30,47.62281636,2,u196-30
u196,Ramicane,Male,18,25,35,47.00146542,2,u196-35
u196,Ramicane,Male,18,25,40,43.45368679,2,u196-40
u196,Ramicane,Male,18,25,45,40.66771292,3,u196-45
q597,Ramicane,Male,20,25,0,45.0,0,q597-0
q597,Ramicane,Male,20,25,5,45.76611104,0,q597-5
q597,Ramicane,Male,20,25,10,42.53798598,0,q597-10
q597,Ramicane,Male,20,25,15,41.39566036,0,q597-15
q597,Ramicane,Male,20,25,20,41.9255866,0,q597-20
q597,Ramicane,Male,20,25,25,42.57570709,1,q597-25
q597,Ramicane,Male,20,25,30,43.33916123,1,q597-30
q597,Ramicane,Male,20,25,35,43.80720142,1,q597-35
q597,Ramicane,Male,20,25,40,44.47182121,2,q597-40
q597,Ramicane,Male,20,25,45,45.22086888,2,q597-45
a444,Ramicane,Female,10,25,0,45.0,0,a444-0
a444,Ramicane,Female,10,25,5,44.00597487,0,a444-5
a444,Ramicane,Female,10,25,10,44.51255951,0,a444-10
a444,Ramicane,Female,10,25,15,43.00127957,0,a444-15
a444,Ramicane,Female,10,25,20,41.71461874,0,a444-20
a444,Ramicane,Female,10,25,25,42.29139437,0,a444-25
a444,Ramicane,Female,10,25,30,42.78627835,0,a444-30
a444,Ramicane,Female,10,25,35,41.73595083,0,a444-35
a444,Ramicane,Female,10,25,40,42.50492554,0,a444-40
a444,Ramicane,Female,10,25,45,43.04754260000001,0,a444-45
i557,Capomulin,Female,1,24,0,45.0,0,i557-0
i557,Capomulin,Female,1,24,5,42.2616653,0,i557-5
i557,Capomulin,Female,1,24,10,42.99207658,0,i557-10
i557,Capomulin,Female,1,24,15,43.529875700000005,0,i557-15
i557,Capomulin,Female,1,24,20,43.96789516,0,i557-20
i557,Capomulin,Female,1,24,25,44.59621854,0,i557-25
i557,Capomulin,Female,1,24,30,45.26138381,0,i557-30
i557,Capomulin,Female,1,24,35,45.94194901,0,i557-35
i557,Capomulin,Female,1,24,40,46.82106972,1,i557-40
i557,Capomulin,Female,1,24,45,47.68596303,1,i557-45
r921,Ramicane,Female,5,25,0,45.0,0,r921-0
r921,Ramicane,Female,5,25,5,45.56821083,0,r921-5
r921,Ramicane,Female,5,25,10,42.71192694,0,r921-10
r921,Ramicane,Female,5,25,15,43.52726054,0,r921-15
r921,Ramicane,Female,5,25,20,44.13631588,0,r921-20
r921,Ramicane,Female,5,25,25,42.65534089,1,r921-25
r921,Ramicane,Female,5,25,30,43.41938077,1,r921-30
w678,Ramicane,Female,5,24,0,45.0,0,w678-0
w678,Ramicane,Female,5,24,5,43.16637266,0,w678-5
y449,Ramicane,Male,19,24,0,45.0,0,y449-0
y449,Ramicane,Male,19,24,5,45.87754494,0,y449-5
y449,Ramicane,Male,19,24,10,46.37809248,0,y449-10
y449,Ramicane,Male,19,24,15,44.18345092,0,y449-15
a203,Infubinol,Female,20,23,0,45.0,0,a203-0
a203,Infubinol,Female,20,23,5,48.5084684,0,a203-5
a203,Infubinol,Female,20,23,10,51.852437200000004,1,a203-10
a203,Infubinol,Female,20,23,15,52.7778705,1,a203-15
a203,Infubinol,Female,20,23,20,55.17333648,1,a203-20
a203,Infubinol,Female,20,23,25,56.79320832,1,a203-25
a203,Infubinol,Female,20,23,30,59.52319728,1,a203-30
a203,Infubinol,Female,20,23,35,61.93165007,2,a203-35
a203,Infubinol,Female,20,23,40,63.59349002,2,a203-40
a203,Infubinol,Female,20,23,45,67.97341878,2,a203-45
a251,Infubinol,Female,21,25,0,45.0,0,a251-0
a251,Infubinol,Female,21,25,5,46.98212719,0,a251-5
a251,Infubinol,Female,21,25,10,48.59117901,1,a251-10
a251,Infubinol,Female,21,25,15,50.53445603,1,a251-15
a251,Infubinol,Female,21,25,20,54.46259376,1,a251-20
a251,Infubinol,Female,21,25,25,57.41464570000001,1,a251-25
a251,Infubinol,Female,21,25,30,59.86124129,1,a251-30
a251,Infubinol,Female,21,25,35,60.90388455,1,a251-35
a251,Infubinol,Female,21,25,40,63.09507565,1,a251-40
a251,Infubinol,Female,21,25,45,65.52574285,1,a251-45
a262,Placebo,Female,17,29,0,45.0,0,a262-0
a262,Placebo,Female,17,29,5,48.71756819,1,a262-5
a262,Placebo,Female,17,29,10,49.59518129,1,a262-10
a262,Placebo,Female,17,29,15,53.82797367,2,a262-15
a262,Placebo,Female,17,29,20,57.01331331,2,a262-20
a262,Placebo,Female,17,29,25,60.13186217,2,a262-25
a262,Placebo,Female,17,29,30,64.95809178,3,a262-30
a262,Placebo,Female,17,29,35,66.56196302,4,a262-35
a262,Placebo,Female,17,29,40,69.59273198,4,a262-40
a262,Placebo,Female,17,29,45,70.71762058,4,a262-45
a275,Ceftamin,Female,20,28,0,45.0,0,a275-0
a275,Ceftamin,Female,20,28,5,46.79525728,0,a275-5
a275,Ceftamin,Female,20,28,10,47.37134328,0,a275-10
a275,Ceftamin,Female,20,28,15,49.73440359,0,a275-15
a275,Ceftamin,Female,20,28,20,50.51343652,1,a275-20
a275,Ceftamin,Female,20,28,25,53.57606417,1,a275-25
a275,Ceftamin,Female,20,28,30,54.44471317,2,a275-30
a275,Ceftamin,Female,20,28,35,56.35353804,2,a275-35
a275,Ceftamin,Female,20,28,40,60.92153868,3,a275-40
a275,Ceftamin,Female,20,28,45,62.99935619,3,a275-45
a366,Stelasyn,Female,16,29,0,45.0,0,a366-0
a366,Stelasyn,Female,16,29,5,48.95136773,0,a366-5
a366,Stelasyn,Female,16,29,10,53.52399007,0,a366-10
a366,Stelasyn,Female,16,29,15,55.26558163,0,a366-15
a366,Stelasyn,Female,16,29,20,57.28598742,0,a366-20
a366,Stelasyn,Female,16,29,25,59.01172817,0,a366-25
a366,Stelasyn,Female,16,29,30,63.44068627,1,a366-30
a401,Zoniferol,Female,8,25,0,45.0,0,a401-0
a401,Zoniferol,Female,8,25,5,46.11198591,0,a401-5
a401,Zoniferol,Female,8,25,10,47.7259374,1,a401-10
a401,Zoniferol,Female,8,25,15,49.93472542,1,a401-15
a401,Zoniferol,Female,8,25,20,52.20451136,2,a401-20
a401,Zoniferol,Female,8,25,25,54.20983551,3,a401-25
a401,Zoniferol,Female,8,25,30,55.91016159,3,a401-30
a401,Zoniferol,Female,8,25,35,60.34714467,3,a401-35
a401,Zoniferol,Female,8,25,40,61.76860538,4,a401-40
a401,Zoniferol,Female,8,25,45,66.79415599,4,a401-45
a457,Ketapril,Female,11,30,0,45.0,0,a457-0
a457,Ketapril,Female,11,30,5,47.462891,0,a457-5
a457,Ketapril,Female,11,30,10,49.78341894,0,a457-10
a492,Stelasyn,Male,20,25,0,45.0,0,a492-0
a492,Stelasyn,Male,20,25,5,46.40914339,0,a492-5
a492,Stelasyn,Male,20,25,10,48.43219661,0,a492-10
a492,Stelasyn,Male,20,25,15,51.985262899999995,0,a492-15
a492,Stelasyn,Male,20,25,20,53.67719253,0,a492-20
a492,Stelasyn,Male,20,25,25,54.70122868,1,a492-25
a492,Stelasyn,Male,20,25,30,56.20104104,1,a492-30
a492,Stelasyn,Male,20,25,35,57.30855379,1,a492-35
a492,Stelasyn,Male,20,25,40,57.92849897,1,a492-40
a492,Stelasyn,Male,20,25,45,60.12201052,1,a492-45
a577,Infubinol,Female,6,25,0,45.0,0,a577-0
a577,Infubinol,Female,6,25,5,46.197719899999996,1,a577-5
a577,Infubinol,Female,6,25,10,49.5096389,1,a577-10
a577,Infubinol,Female,6,25,15,50.91500662,2,a577-15
a577,Infubinol,Female,6,25,20,52.36518457,2,a577-20
a577,Infubinol,Female,6,25,25,54.38093154,2,a577-25
a577,Infubinol,Female,6,25,30,57.03186187,2,a577-30
a685,Infubinol,Male,8,30,0,45.0,0,a685-0
a685,Infubinol,Male,8,30,5,46.87048256,0,a685-5
a685,Infubinol,Male,8,30,10,47.66475264,0,a685-10
a685,Infubinol,Male,8,30,15,48.95147442,0,a685-15
a685,Infubinol,Male,8,30,20,49.49055902,0,a685-20
a685,Infubinol,Male,8,30,25,51.93995092,0,a685-25
a685,Infubinol,Male,8,30,30,55.45385519,1,a685-30
a685,Infubinol,Male,8,30,35,58.09262925,1,a685-35
a685,Infubinol,Male,8,30,40,60.56790371,2,a685-40
a685,Infubinol,Male,8,30,45,66.08306589,3,a685-45
a699,Propriva,Female,5,28,0,45.0,0,a699-0
a699,Propriva,Female,5,28,5,46.55308986,0,a699-5
a699,Propriva,Female,5,28,10,47.86737569,0,a699-10
a699,Propriva,Female,5,28,15,49.53040137,0,a699-15
a699,Propriva,Female,5,28,20,50.71242334,0,a699-20
a699,Propriva,Female,5,28,25,51.84638147,0,a699-25
a699,Propriva,Female,5,28,30,54.37934505,0,a699-30
a699,Propriva,Female,5,28,35,56.51068234,1,a699-35
a699,Propriva,Female,5,28,40,58.60544816,1,a699-40
a699,Propriva,Female,5,28,45,62.19141437,1,a699-45
a788,Zoniferol,Male,5,30,0,45.0,0,a788-0
a788,Zoniferol,Male,5,30,5,47.00658024,0,a788-5
a788,Zoniferol,Male,5,30,10,50.15972132,1,a788-10
a788,Zoniferol,Male,5,30,15,52.53994926,1,a788-15
a788,Zoniferol,Male,5,30,20,54.06098332,1,a788-20
a788,Zoniferol,Male,5,30,25,56.770280299999996,1,a788-25
a788,Zoniferol,Male,5,30,30,60.41370908,1,a788-30
a818,Naftisol,Female,12,28,0,45.0,0,a818-0
a818,Naftisol,Female,12,28,5,45.69670864,0,a818-5
a818,Naftisol,Female,12,28,10,49.79091948,0,a818-10
a818,Naftisol,Female,12,28,15,51.22756565,0,a818-15
a818,Naftisol,Female,12,28,20,54.8346245,0,a818-20
a818,Naftisol,Female,12,28,25,56.96627332,0,a818-25
a818,Naftisol,Female,12,28,30,60.07237198,0,a818-30
a818,Naftisol,Female,12,28,35,63.29854586,0,a818-35
a818,Naftisol,Female,12,28,40,69.27381374,1,a818-40
a818,Naftisol,Female,12,28,45,74.99776443,2,a818-45
a897,Placebo,Male,7,28,0,45.0,0,a897-0
a897,Placebo,Male,7,28,5,45.69112405,1,a897-5
a897,Placebo,Male,7,28,10,47.97292708,1,a897-10
a897,Placebo,Male,7,28,15,52.34308525,2,a897-15
a897,Placebo,Male,7,28,20,54.59570541,3,a897-20
a897,Placebo,Male,7,28,25,56.41331977,3,a897-25
a897,Placebo,Male,7,28,30,59.91693443,3,a897-30
a897,Placebo,Male,7,28,35,64.0528731,3,a897-35
a897,Placebo,Male,7,28,40,67.21174279,4,a897-40
a897,Placebo,Male,7,28,45,72.25596306,4,a897-45
a963,Stelasyn,Female,23,27,0,45.0,0,a963-0
a963,Stelasyn,Female,23,27,5,46.23350581,0,a963-5
a963,Stelasyn,Female,23,27,10,47.15052201,0,a963-10
a963,Stelasyn,Female,23,27,15,47.83685218,0,a963-15
a963,Stelasyn,Female,23,27,20,51.46373448,0,a963-20
a963,Stelasyn,Female,23,27,25,52.12980374,0,a963-25
a963,Stelasyn,Female,23,27,30,53.40166738,1,a963-30
a963,Stelasyn,Female,23,27,35,56.81397646,1,a963-35
a963,Stelasyn,Female,23,27,40,58.46378685,1,a963-40
a963,Stelasyn,Female,23,27,45,62.76509317,1,a963-45
b313,Zoniferol,Male,12,27,0,45.0,0,b313-0
b313,Zoniferol,Male,12,27,5,47.15443254,0,b313-5
b313,Zoniferol,Male,12,27,10,48.31937218,1,b313-10
b313,Zoniferol,Male,12,27,15,49.18838735,1,b313-15
b313,Zoniferol,Male,12,27,20,53.979679700000005,1,b313-20
b313,Zoniferol,Male,12,27,25,55.74514628,1,b313-25
b447,Ceftamin,Male,2,30,0,45.0,0,b447-0
b487,Ceftamin,Female,6,28,0,45.0,0,b487-0
b487,Ceftamin,Female,6,28,5,46.21397739,0,b487-5
b487,Ceftamin,Female,6,28,10,47.664387100000006,0,b487-10
b487,Ceftamin,Female,6,28,15,51.68325586,0,b487-15
b487,Ceftamin,Female,6,28,20,53.42766344,0,b487-20
b487,Ceftamin,Female,6,28,25,56.05774909,1,b487-25
b559,Naftisol,Male,20,26,0,45.0,0,b559-0
b559,Naftisol,Male,20,26,5,47.40989731,0,b559-5
b559,Naftisol,Male,20,26,10,48.03643202,0,b559-10
b559,Naftisol,Male,20,26,15,51.37886229,0,b559-15
b559,Naftisol,Male,20,26,20,55.65445572,1,b559-20
b559,Naftisol,Male,20,26,25,57.04366929,1,b559-25
b559,Naftisol,Male,20,26,30,61.19038663,1,b559-30
b559,Naftisol,Male,20,26,35,65.70576275,1,b559-35
b559,Naftisol,Male,20,26,40,69.96961645,1,b559-40
b559,Naftisol,Male,20,26,45,73.05136339,1,b559-45
b759,Ceftamin,Female,12,25,0,45.0,0,b759-0
b759,Ceftamin,Female,12,25,5,48.00919049,0,b759-5
b759,Ceftamin,Female,12,25,10,49.13335499,0,b759-10
b759,Ceftamin,Female,12,25,15,51.58779906,0,b759-15
b759,Ceftamin,Female,12,25,20,54.44303502,0,b759-20
b759,Ceftamin,Female,12,25,25,55.08363235,0,b759-25
b759,Ceftamin,Female,12,25,30,55.74282869,1,b759-30
b879,Stelasyn,Female,4,26,0,45.0,0,b879-0
b879,Stelasyn,Female,4,26,5,49.15615628,1,b879-5
b879,Stelasyn,Female,4,26,10,50.33894583,1,b879-10
b879,Stelasyn,Female,4,26,15,51.61838657,1,b879-15
b879,Stelasyn,Female,4,26,20,53.98343568,1,b879-20
b879,Stelasyn,Female,4,26,25,56.46998744,2,b879-25
b879,Stelasyn,Female,4,26,30,60.90761481,2,b879-30
b879,Stelasyn,Female,4,26,35,64.26088633,2,b879-35
b879,Stelasyn,Female,4,26,40,67.18912666,2,b879-40
b879,Stelasyn,Female,4,26,45,72.55523894,2,b879-45
c139,Infubinol,Male,11,28,0,45.0,0,c139-0
c139,Infubinol,Male,11,28,5,48.75311208,0,c139-5
c139,Infubinol,Male,11,28,10,49.99295391,0,c139-10
c139,Infubinol,Male,11,28,15,51.8332246,0,c139-15
c139,Infubinol,Male,11,28,20,56.74200681,0,c139-20
c139,Infubinol,Male,11,28,25,61.46196976,0,c139-25
c139,Infubinol,Male,11,28,30,64.14987077,1,c139-30
c139,Infubinol,Male,11,28,35,67.82141969,1,c139-35
c139,Infubinol,Male,11,28,40,69.42814095,2,c139-40
c139,Infubinol,Male,11,28,45,72.2267309,2,c139-45
c264,Zoniferol,Female,11,27,0,45.0,0,c264-0
c264,Zoniferol,Female,11,27,5,45.79170389,0,c264-5
c264,Zoniferol,Female,11,27,10,49.02659196,0,c264-10
c264,Zoniferol,Female,11,27,15,53.66494165,1,c264-15
c264,Zoniferol,Female,11,27,20,54.568195700000004,1,c264-20
c264,Zoniferol,Female,11,27,25,56.96676876,2,c264-25
c264,Zoniferol,Female,11,27,30,57.82391556,2,c264-30
c264,Zoniferol,Female,11,27,35,61.07479506,2,c264-35
c264,Zoniferol,Female,11,27,40,65.70832272,2,c264-40
c264,Zoniferol,Female,11,27,45,67.94212107,2,c264-45
c282,Placebo,Male,12,27,0,45.0,0,c282-0
c282,Placebo,Male,12,27,5,45.72568973,0,c282-5
c282,Placebo,Male,12,27,10,48.17950638,0,c282-10
c282,Placebo,Male,12,27,15,49.26607873,0,c282-15
c282,Placebo,Male,12,27,20,51.95057423,0,c282-20
c282,Placebo,Male,12,27,25,56.29220039,1,c282-25
c282,Placebo,Male,12,27,30,59.00590207,1,c282-30
c282,Placebo,Male,12,27,35,59.88765475,1,c282-35
c282,Placebo,Male,12,27,40,65.02179944,2,c282-40
c282,Placebo,Male,12,27,45,65.81516535,2,c282-45
c302,Zoniferol,Female,10,29,0,45.0,0,c302-0
c302,Zoniferol,Female,10,29,5,47.69067986,1,c302-5
c302,Zoniferol,Female,10,29,10,48.53356704,1,c302-10
c302,Zoniferol,Female,10,29,15,52.71663459,2,c302-15
c302,Zoniferol,Female,10,29,20,54.08090836,3,c302-20
c302,Zoniferol,Female,10,29,25,55.07622853,3,c302-25
c302,Zoniferol,Female,10,29,30,57.41974389,3,c302-30
c302,Zoniferol,Female,10,29,35,62.23657157,3,c302-35
c302,Zoniferol,Female,10,29,40,63.28107148,4,c302-40
c302,Zoniferol,Female,10,29,45,64.57522157,4,c302-45
c326,Infubinol,Female,18,25,0,45.0,0,c326-0
c326,Infubinol,Female,18,25,5,36.321345799999996,0,c326-5
c402,Stelasyn,Female,1,27,0,45.0,0,c402-0
c402,Stelasyn,Female,1,27,5,49.3426301,1,c402-5
c402,Stelasyn,Female,1,27,10,50.56689412,1,c402-10
c402,Stelasyn,Female,1,27,15,52.23071944,1,c402-15
c402,Stelasyn,Female,1,27,20,54.88332044,2,c402-20
c402,Stelasyn,Female,1,27,25,58.26988853,2,c402-25
c402,Stelasyn,Female,1,27,30,63.74319428,2,c402-30
c402,Stelasyn,Female,1,27,35,65.8079627,2,c402-35
c402,Stelasyn,Female,1,27,40,70.22229679,2,c402-40
c402,Stelasyn,Female,1,27,45,74.04039018,3,c402-45
c559,Zoniferol,Female,19,28,0,45.0,0,c559-0
c559,Zoniferol,Female,19,28,5,46.56263793,0,c559-5
c559,Zoniferol,Female,19,28,10,47.29326012,0,c559-10
c559,Zoniferol,Female,19,28,15,51.41490358,1,c559-15
c559,Zoniferol,Female,19,28,20,52.60436695,2,c559-20
c559,Zoniferol,Female,19,28,25,54.55544168,2,c559-25
c559,Zoniferol,Female,19,28,30,57.14614388,2,c559-30
c559,Zoniferol,Female,19,28,35,59.45504074,2,c559-35
c559,Zoniferol,Female,19,28,40,60.86184431,3,c559-40
c559,Zoniferol,Female,19,28,45,61.84005842,4,c559-45
c580,Ketapril,Male,22,25,0,45.0,0,c580-0
c580,Ketapril,Male,22,25,5,46.62845479999999,0,c580-5
c580,Ketapril,Male,22,25,10,47.57017382,1,c580-10
c580,Ketapril,Male,22,25,15,51.991708,1,c580-15
c580,Ketapril,Male,22,25,20,55.57532195,2,c580-20
c580,Ketapril,Male,22,25,25,56.28906231,2,c580-25
c580,Ketapril,Male,22,25,30,58.04656941,3,c580-30
c757,Placebo,Male,9,27,0,45.0,0,c757-0
c757,Placebo,Male,9,27,5,47.78327981,0,c757-5
c757,Placebo,Male,9,27,10,49.21931669,0,c757-10
c757,Placebo,Male,9,27,15,51.532603,0,c757-15
c757,Placebo,Male,9,27,20,52.81863401,1,c757-20
c757,Placebo,Male,9,27,25,57.10641821,2,c757-25
c757,Placebo,Male,9,27,30,60.09857184,2,c757-30
c757,Placebo,Male,9,27,35,64.29116351,2,c757-35
c757,Placebo,Male,9,27,40,66.60436771,2,c757-40
c757,Placebo,Male,9,27,45,69.04284082,3,c757-45
c766,Placebo,Female,13,26,0,45.0,0,c766-0
c766,Placebo,Female,13,26,5,47.31305537,0,c766-5
c766,Placebo,Female,13,26,10,49.50027098,1,c766-10
c766,Placebo,Female,13,26,15,50.59663325,2,c766-15
c766,Placebo,Female,13,26,20,53.00686463,3,c766-20
c766,Placebo,Female,13,26,25,58.21462437,3,c766-25
c766,Placebo,Female,13,26,30,60.2559245,3,c766-30
c766,Placebo,Female,13,26,35,65.95236791,4,c766-35
c766,Placebo,Female,13,26,40,67.68529456,4,c766-40
c766,Placebo,Female,13,26,45,69.82314577,4,c766-45
c819,Ketapril,Male,21,25,0,45.0,0,c819-0
c819,Ketapril,Male,21,25,5,45.76924864,1,c819-5
c819,Ketapril,Male,21,25,10,46.65839527,1,c819-10
c819,Ketapril,Male,21,25,15,48.37099912,1,c819-15
c819,Ketapril,Male,21,25,20,49.76241475,1,c819-20
c819,Ketapril,Male,21,25,25,51.82835706,1,c819-25
c819,Ketapril,Male,21,25,30,56.09899820000001,1,c819-30
c819,Ketapril,Male,21,25,35,57.72953466,1,c819-35
c819,Ketapril,Male,21,25,40,62.17570465,1,c819-40
c832,Ketapril,Male,18,29,0,45.0,0,c832-0
c832,Ketapril,Male,18,29,5,48.68546123,1,c832-5
c832,Ketapril,Male,18,29,10,49.81141262,1,c832-10
c832,Ketapril,Male,18,29,15,52.86453449,1,c832-15
c832,Ketapril,Male,18,29,20,56.71023353,1,c832-20
c832,Ketapril,Male,18,29,25,58.89181644,2,c832-25
c832,Ketapril,Male,18,29,30,60.49637579,2,c832-30
c832,Ketapril,Male,18,29,35,61.12448717,2,c832-35
c832,Ketapril,Male,18,29,40,62.57231816,2,c832-40
c832,Ketapril,Male,18,29,45,65.41595451,3,c832-45
c895,Infubinol,Female,7,29,0,45.0,0,c895-0
c895,Infubinol,Female,7,29,5,45.47754399,0,c895-5
c895,Infubinol,Female,7,29,10,49.77901542,0,c895-10
c895,Infubinol,Female,7,29,15,52.94946474,1,c895-15
c895,Infubinol,Female,7,29,20,53.67683960000001,2,c895-20
c895,Infubinol,Female,7,29,25,57.53419288,2,c895-25
c895,Infubinol,Female,7,29,30,60.96971133,2,c895-30
c927,Propriva,Female,4,26,0,45.0,0,c927-0
c927,Propriva,Female,4,26,5,46.35184205,0,c927-5
c927,Propriva,Female,4,26,10,50.96529767,1,c927-10
c927,Propriva,Female,4,26,15,53.26643087,1,c927-15
c927,Propriva,Female,4,26,20,55.48168922,1,c927-20
c927,Propriva,Female,4,26,25,56.54551947,2,c927-25
c927,Propriva,Female,4,26,30,60.753924600000005,2,c927-30
c927,Propriva,Female,4,26,35,61.87227365,3,c927-35
c927,Propriva,Female,4,26,40,64.18322918,4,c927-40
d133,Zoniferol,Male,5,30,0,45.0,0,d133-0
d164,Zoniferol,Male,21,28,0,45.0,0,d164-0
d164,Zoniferol,Male,21,28,5,46.61767061,0,d164-5
d164,Zoniferol,Male,21,28,10,47.47464468,1,d164-10
d474,Ketapril,Male,18,27,0,45.0,0,d474-0
d474,Ketapril,Male,18,27,5,45.91835225,0,d474-5
d474,Ketapril,Male,18,27,10,46.97496297,0,d474-10
d474,Ketapril,Male,18,27,15,47.77793584,0,d474-15
d474,Ketapril,Male,18,27,20,51.73149416,0,d474-20
d474,Ketapril,Male,18,27,25,54.27932462,0,d474-25
d474,Ketapril,Male,18,27,30,55.34134157,0,d474-30
d474,Ketapril,Male,18,27,35,56.47911257,0,d474-35
d474,Ketapril,Male,18,27,40,60.23373278,1,d474-40
e213,Naftisol,Male,8,27,0,45.0,0,e213-0
e213,Naftisol,Male,8,27,5,45.69925018,1,e213-5
e213,Naftisol,Male,8,27,10,47.39157120000001,2,e213-10
e213,Naftisol,Male,8,27,15,51.7916953,2,e213-15
e213,Naftisol,Male,8,27,20,52.61376289,2,e213-20
e213,Naftisol,Male,8,27,25,55.22447615,2,e213-25
e213,Naftisol,Male,8,27,30,56.45872864,3,e213-30
e213,Naftisol,Male,8,27,35,58.24585435,3,e213-35
e213,Naftisol,Male,8,27,40,60.23654797,3,e213-40
e213,Naftisol,Male,8,27,45,63.1056963,4,e213-45
e227,Placebo,Male,1,30,0,45.0,0,e227-0
e227,Placebo,Male,1,30,5,47.23801112,0,e227-5
e227,Placebo,Male,1,30,10,51.34975705,1,e227-10
e227,Placebo,Male,1,30,15,52.83394196,1,e227-15
e227,Placebo,Male,1,30,20,56.60755210000001,1,e227-20
e227,Placebo,Male,1,30,25,60.60029169,1,e227-25
e227,Placebo,Male,1,30,30,62.46438515,2,e227-30
e227,Placebo,Male,1,30,35,66.94912136,3,e227-35
e227,Placebo,Male,1,30,40,70.7152176,3,e227-40
e227,Placebo,Male,1,30,45,73.21293851,3,e227-45
e291,Naftisol,Female,14,29,0,45.0,0,e291-0
e291,Naftisol,Female,14,29,5,46.14250486,0,e291-5
e291,Naftisol,Female,14,29,10,48.52974125,1,e291-10
e291,Naftisol,Female,14,29,15,49.348426200000006,1,e291-15
e291,Naftisol,Female,14,29,20,52.53376479,1,e291-20
e291,Naftisol,Female,14,29,25,55.1389525,2,e291-25
e476,Infubinol,Male,23,26,0,45.0,0,e476-0
e476,Infubinol,Male,23,26,5,47.11180113,0,e476-5
e476,Infubinol,Male,23,26,10,49.43168536,0,e476-10
e476,Infubinol,Male,23,26,15,54.04621267,0,e476-15
e476,Infubinol,Male,23,26,20,55.24927296,0,e476-20
e476,Infubinol,Male,23,26,25,57.408638,0,e476-25
e476,Infubinol,Male,23,26,30,57.99279743,1,e476-30
e476,Infubinol,Male,23,26,35,60.064340200000004,1,e476-35
e476,Infubinol,Male,23,26,40,61.52527583,1,e476-40
e476,Infubinol,Male,23,26,45,62.43540402,1,e476-45
e584,Naftisol,Male,9,27,0,45.0,0,e584-0
e584,Naftisol,Male,9,27,5,45.656978499999994,0,e584-5
e584,Naftisol,Male,9,27,10,47.25064148,0,e584-10
e584,Naftisol,Male,9,27,15,48.43041053,1,e584-15
e584,Naftisol,Male,9,27,20,50.34492095,2,e584-20
e584,Naftisol,Male,9,27,25,51.38641908,2,e584-25
e584,Naftisol,Male,9,27,30,54.98440767,3,e584-30
e584,Naftisol,Male,9,27,35,58.08655989,3,e584-35
e584,Naftisol,Male,9,27,40,62.81687083,4,e584-40
e584,Naftisol,Male,9,27,45,68.3597767,4,e584-45
f129,Zoniferol,Female,11,29,0,45.0,0,f129-0
f129,Zoniferol,Female,11,29,5,47.00059399,0,f129-5
f129,Zoniferol,Female,11,29,10,48.17971908,1,f129-10
f129,Zoniferol,Female,11,29,15,49.98830246,1,f129-15
f234,Stelasyn,Male,14,28,0,45.0,0,f234-0
f234,Stelasyn,Male,14,28,5,47.31349062,0,f234-5
f234,Stelasyn,Male,14,28,10,47.90432375,0,f234-10
f234,Stelasyn,Male,14,28,15,48.73519714,1,f234-15
f234,Stelasyn,Male,14,28,20,51.11271293,2,f234-20
f234,Stelasyn,Male,14,28,25,52.17860221,2,f234-25
f234,Stelasyn,Male,14,28,30,56.87381654,2,f234-30
f234,Stelasyn,Male,14,28,35,57.74875831,2,f234-35
f278,Ketapril,Male,12,30,0,45.0,0,f278-0
f278,Ketapril,Male,12,30,5,48.19457788,0,f278-5
f345,Infubinol,Male,23,26,0,45.0,0,f345-0
f345,Infubinol,Male,23,26,5,45.5911466,0,f345-5
f345,Infubinol,Male,23,26,10,47.22244619,0,f345-10
f345,Infubinol,Male,23,26,15,48.35223854,0,f345-15
f345,Infubinol,Male,23,26,20,49.61338303,0,f345-20
f345,Infubinol,Male,23,26,25,53.0788944,0,f345-25
f345,Infubinol,Male,23,26,30,54.36379731,1,f345-30
f345,Infubinol,Male,23,26,35,56.52332726,1,f345-35
f345,Infubinol,Male,23,26,40,58.31559250000001,1,f345-40
f345,Infubinol,Male,23,26,45,60.91876652,1,f345-45
f394,Zoniferol,Male,19,30,0,45.0,0,f394-0
f394,Zoniferol,Male,19,30,5,47.03309963,0,f394-5
f436,Ceftamin,Female,3,25,0,45.0,0,f436-0
f436,Ceftamin,Female,3,25,5,46.37079759,1,f436-5
f436,Ceftamin,Female,3,25,10,48.14697758,2,f436-10
f436,Ceftamin,Female,3,25,15,48.72207785,2,f436-15
f545,Zoniferol,Female,20,26,0,45.0,0,f545-0
f545,Zoniferol,Female,20,26,5,46.56581263,0,f545-5
f545,Zoniferol,Female,20,26,10,51.07251225,0,f545-10
f545,Zoniferol,Female,20,26,15,53.94554429,1,f545-15
f545,Zoniferol,Female,20,26,20,58.84118888,1,f545-20
f545,Zoniferol,Female,20,26,25,60.25348139,1,f545-25
f545,Zoniferol,Female,20,26,30,65.89398607,1,f545-30
f545,Zoniferol,Female,20,26,35,66.74292417,1,f545-35
f545,Zoniferol,Female,20,26,40,71.10811835,1,f545-40
f545,Zoniferol,Female,20,26,45,73.32443228,1,f545-45
f932,Ketapril,Male,15,29,0,45.0,0,f932-0
f993,Naftisol,Male,21,28,0,45.0,0,f993-0
f993,Naftisol,Male,21,28,5,46.39575966,0,f993-5
f993,Naftisol,Male,21,28,10,48.18537323,0,f993-10
f993,Naftisol,Male,21,28,15,49.10697473,1,f993-15
f993,Naftisol,Male,21,28,20,52.07951009,1,f993-20
g107,Ketapril,Female,2,29,0,45.0,0,g107-0
g107,Ketapril,Female,2,29,5,48.79166496,0,g107-5
g107,Ketapril,Female,2,29,10,53.43598668,0,g107-10
g107,Ketapril,Female,2,29,15,58.13554485,0,g107-15
g107,Ketapril,Female,2,29,20,62.70603145,0,g107-20
g107,Ketapril,Female,2,29,25,64.66362579,0,g107-25
g107,Ketapril,Female,2,29,30,69.16051982,0,g107-30
g107,Ketapril,Female,2,29,35,71.90511721,0,g107-35
g296,Zoniferol,Female,14,29,0,45.0,0,g296-0
g296,Zoniferol,Female,14,29,5,46.59323337,0,g296-5
g296,Zoniferol,Female,14,29,10,48.26950861,0,g296-10
g296,Zoniferol,Female,14,29,15,49.65324404,1,g296-15
g296,Zoniferol,Female,14,29,20,51.4471183,2,g296-20
g296,Zoniferol,Female,14,29,25,55.6701066,3,g296-25
g296,Zoniferol,Female,14,29,30,57.99770642,3,g296-30
g296,Zoniferol,Female,14,29,35,60.38451978,4,g296-35
g296,Zoniferol,Female,14,29,40,62.22191493,4,g296-40
g296,Zoniferol,Female,14,29,45,68.16319517,4,g296-45
g497,Ketapril,Male,19,28,0,45.0,0,g497-0
g497,Ketapril,Male,19,28,5,48.78206878,0,g497-5
g497,Ketapril,Male,19,28,10,49.6470865,0,g497-10
g497,Ketapril,Male,19,28,15,53.64616804,1,g497-15
g497,Ketapril,Male,19,28,20,55.09699356,1,g497-20
g497,Ketapril,Male,19,28,25,57.52444611,2,g497-25
g497,Ketapril,Male,19,28,30,61.108185999999996,2,g497-30
g497,Ketapril,Male,19,28,35,64.09488929999999,2,g497-35
g497,Ketapril,Male,19,28,40,67.74281406,2,g497-40
g497,Ketapril,Male,19,28,45,69.87225079,2,g497-45
g558,Propriva,Male,8,29,0,45.0,0,g558-0
g558,Propriva,Male,8,29,5,46.18874193,0,g558-5
g558,Propriva,Male,8,29,10,50.09475382,0,g558-10
g558,Propriva,Male,8,29,15,51.007258,0,g558-15
g558,Propriva,Male,8,29,20,55.09009691,1,g558-20
g558,Propriva,Male,8,29,25,55.75408257,2,g558-25
g558,Propriva,Male,8,29,30,58.95282911,3,g558-30
g558,Propriva,Male,8,29,35,60.86215883,4,g558-35
g558,Propriva,Male,8,29,40,61.77496268,4,g558-40
g570,Propriva,Male,16,29,0,45.0,0,g570-0
g570,Propriva,Male,16,29,5,47.65642436,1,g570-5
g570,Propriva,Male,16,29,10,49.18823167,1,g570-10
g570,Propriva,Male,16,29,15,52.6826954,1,g570-15
g570,Propriva,Male,16,29,20,54.64329541,1,g570-20
g570,Propriva,Male,16,29,25,56.8494056,1,g570-25
g570,Propriva,Male,16,29,30,60.32871705,1,g570-30
g570,Propriva,Male,16,29,35,62.3304204,2,g570-35
g570,Propriva,Male,16,29,40,68.52585616,2,g570-40
g570,Propriva,Male,16,29,45,70.49278763,2,g570-45
g867,Stelasyn,Female,9,25,0,45.0,0,g867-0
g867,Stelasyn,Female,9,25,5,46.88074916,0,g867-5
g867,Stelasyn,Female,9,25,10,48.18340167,0,g867-10
g867,Stelasyn,Female,9,25,15,51.06041924,1,g867-15
h246,Ketapril,Male,13,30,0,45.0,0,h246-0
h246,Ketapril,Male,13,30,5,49.47041702,0,h246-5
h246,Ketapril,Male,13,30,10,51.36886216,1,h246-10
h246,Ketapril,Male,13,30,15,56.18432701,1,h246-15
h246,Ketapril,Male,13,30,20,57.93591218,1,h246-20
h246,Ketapril,Male,13,30,25,59.5488537,1,h246-25
h246,Ketapril,Male,13,30,30,63.59960954,1,h246-30
h246,Ketapril,Male,13,30,35,67.2112701,2,h246-35
h246,Ketapril,Male,13,30,40,71.15083468,2,h246-40
h246,Ketapril,Male,13,30,45,74.10408567,2,h246-45
h333,Stelasyn,Male,21,27,0,45.0,0,h333-0
h333,Stelasyn,Male,21,27,5,45.75172728,0,h333-5
h333,Stelasyn,Male,21,27,10,46.23384414,1,h333-10
h333,Stelasyn,Male,21,27,15,50.69260358,2,h333-15
h333,Stelasyn,Male,21,27,20,51.99780618,2,h333-20
h333,Stelasyn,Male,21,27,25,53.73091434,2,h333-25
h333,Stelasyn,Male,21,27,30,55.45528975,2,h333-30
h428,Ketapril,Female,1,27,0,45.0,0,h428-0
h531,Ceftamin,Male,5,27,0,45.0,0,h531-0
h531,Ceftamin,Male,5,27,5,47.784681799999994,0,h531-5
i386,Infubinol,Female,23,29,0,45.0,0,i386-0
i386,Infubinol,Female,23,29,5,46.85369669,1,i386-5
i386,Infubinol,Female,23,29,10,49.86154739,2,i386-10
i386,Infubinol,Female,23,29,15,51.73656088,2,i386-15
i386,Infubinol,Female,23,29,20,55.08772445,2,i386-20
i386,Infubinol,Female,23,29,25,56.68786392,3,i386-25
i386,Infubinol,Female,23,29,30,59.13364029,3,i386-30
i386,Infubinol,Female,23,29,35,64.92542037,3,i386-35
i386,Infubinol,Female,23,29,40,67.28962147,4,i386-40
i477,Placebo,Female,3,30,0,45.0,0,i477-0
i477,Placebo,Female,3,30,5,46.65738471,0,i477-5
i477,Placebo,Female,3,30,10,47.52063206,0,i477-10
i635,Propriva,Male,21,26,0,45.0,0,i635-0
i635,Propriva,Male,21,26,5,47.23593715,0,i635-5
i635,Propriva,Male,21,26,10,48.68575605,1,i635-10
i635,Propriva,Male,21,26,15,49.53689775,1,i635-15
i635,Propriva,Male,21,26,20,51.87706189,1,i635-20
i635,Propriva,Male,21,26,25,52.92882323,1,i635-25
i635,Propriva,Male,21,26,30,53.5970382,2,i635-30
i635,Propriva,Male,21,26,35,55.67999656,2,i635-35
i635,Propriva,Male,21,26,40,56.84243514,3,i635-40
i635,Propriva,Male,21,26,45,58.63340414,3,i635-45
i669,Placebo,Female,18,27,0,45.0,0,i669-0
i669,Placebo,Female,18,27,5,46.76466824,1,i669-5
i669,Placebo,Female,18,27,10,48.2816334,1,i669-10
i669,Placebo,Female,18,27,15,48.857600700000006,1,i669-15
i669,Placebo,Female,18,27,20,50.87369027,1,i669-20
i669,Placebo,Female,18,27,25,53.30318455,2,i669-25
i901,Stelasyn,Male,23,29,0,45.0,0,i901-0
i901,Stelasyn,Male,23,29,5,46.49302392,0,i901-5
i901,Stelasyn,Male,23,29,10,50.42124982,0,i901-10
i901,Stelasyn,Male,23,29,15,51.41964239,0,i901-15
i901,Stelasyn,Male,23,29,20,55.97440502,0,i901-20
i901,Stelasyn,Male,23,29,25,56.575194999999994,0,i901-25
i901,Stelasyn,Male,23,29,30,60.59185755,0,i901-30
i901,Stelasyn,Male,23,29,35,62.12733561,0,i901-35
i901,Stelasyn,Male,23,29,40,64.30345451,0,i901-40
i901,Stelasyn,Male,23,29,45,65.34181087,0,i901-45
j235,Placebo,Male,6,30,0,45.0,0,j235-0
j235,Placebo,Male,6,30,5,46.58881978,0,j235-5
j235,Placebo,Male,6,30,10,48.01878792,1,j235-10
j235,Placebo,Male,6,30,15,51.16113815,1,j235-15
j235,Placebo,Male,6,30,20,52.94290169,1,j235-20
j296,Ceftamin,Female,24,30,0,45.0,0,j296-0
j296,Ceftamin,Female,24,30,5,46.79925591,1,j296-5
j296,Ceftamin,Female,24,30,10,48.52997762,2,j296-10
j296,Ceftamin,Female,24,30,15,50.70127959,2,j296-15
j296,Ceftamin,Female,24,30,20,54.00534209,3,j296-20
j296,Ceftamin,Female,24,30,25,55.76714817,3,j296-25
j296,Ceftamin,Female,24,30,30,56.80306121,3,j296-30
j296,Ceftamin,Female,24,30,35,58.71448296,3,j296-35
j296,Ceftamin,Female,24,30,40,60.07268848,3,j296-40
j296,Ceftamin,Female,24,30,45,61.84902336,3,j296-45
j365,Zoniferol,Male,24,28,0,45.0,0,j365-0
j365,Zoniferol,Male,24,28,5,46.7112611,0,j365-5
j365,Zoniferol,Male,24,28,10,48.34932028,0,j365-10
j365,Zoniferol,Male,24,28,15,49.58826336,0,j365-15
j365,Zoniferol,Male,24,28,20,50.93935278,1,j365-20
j365,Zoniferol,Male,24,28,25,51.810320399999995,1,j365-25
j365,Zoniferol,Male,24,28,30,54.40488176,1,j365-30
j365,Zoniferol,Male,24,28,35,56.96120016,2,j365-35
j365,Zoniferol,Male,24,28,40,62.32717066,2,j365-40
j365,Zoniferol,Male,24,28,45,64.29408493,2,j365-45
j755,Naftisol,Male,23,27,0,45.0,0,j755-0
j755,Naftisol,Male,23,27,5,47.24284357,0,j755-5
j755,Naftisol,Male,23,27,10,48.16706083,0,j755-10
j755,Naftisol,Male,23,27,15,51.45397391,0,j755-15
j755,Naftisol,Male,23,27,20,55.49660753,1,j755-20
j755,Naftisol,Male,23,27,25,58.05581822,1,j755-25
j755,Naftisol,Male,23,27,30,60.00720978,1,j755-30
j755,Naftisol,Male,23,27,35,62.7328576,1,j755-35
j755,Naftisol,Male,23,27,40,67.2077103,1,j755-40
j755,Naftisol,Male,23,27,45,69.56362076,1,j755-45
j984,Stelasyn,Female,2,30,0,45.0,0,j984-0
j984,Stelasyn,Female,2,30,5,48.41072109,1,j984-5
j984,Stelasyn,Female,2,30,10,50.14108401,1,j984-10
j984,Stelasyn,Female,2,30,15,51.16675687,1,j984-15
j984,Stelasyn,Female,2,30,20,54.37251567,1,j984-20
j984,Stelasyn,Female,2,30,25,57.06435479,1,j984-25
j984,Stelasyn,Female,2,30,30,61.24050573,1,j984-30
j984,Stelasyn,Female,2,30,35,64.05539896,1,j984-35
j984,Stelasyn,Female,2,30,40,67.77708036,1,j984-40
j984,Stelasyn,Female,2,30,45,70.65383162,1,j984-45
k210,Ceftamin,Male,15,28,0,45.0,0,k210-0
k210,Ceftamin,Male,15,28,5,47.91899771,0,k210-5
k210,Ceftamin,Male,15,28,10,49.37993231,0,k210-10
k210,Ceftamin,Male,15,28,15,51.07355752,0,k210-15
k210,Ceftamin,Male,15,28,20,51.99761855,0,k210-20
k210,Ceftamin,Male,15,28,25,54.61397279,0,k210-25
k210,Ceftamin,Male,15,28,30,59.98950976,1,k210-30
k210,Ceftamin,Male,15,28,35,63.32933023,1,k210-35
k210,Ceftamin,Male,15,28,40,66.62283628,2,k210-40
k210,Ceftamin,Male,15,28,45,68.92318457,3,k210-45
k382,Ketapril,Male,22,29,0,45.0,0,k382-0
k382,Ketapril,Male,22,29,5,46.27499735,1,k382-5
k382,Ketapril,Male,22,29,10,50.18096763,1,k382-10
k382,Ketapril,Male,22,29,15,54.42916821,1,k382-15
k382,Ketapril,Male,22,29,20,57.82435071,2,k382-20
k382,Ketapril,Male,22,29,25,59.50390392,3,k382-25
k382,Ketapril,Male,22,29,30,63.46944155,4,k382-30
k382,Ketapril,Male,22,29,35,66.07918483,4,k382-35
k382,Ketapril,Male,22,29,40,67.42095521,4,k382-40
k382,Ketapril,Male,22,29,45,73.71561899999999,4,k382-45
k483,Infubinol,Female,20,30,0,45.0,0,k483-0
k483,Infubinol,Female,20,30,5,46.61105571,0,k483-5
k483,Infubinol,Female,20,30,10,50.29604123,1,k483-10
k483,Infubinol,Female,20,30,15,53.24445813,1,k483-15
k483,Infubinol,Female,20,30,20,54.77896052,1,k483-20
k483,Infubinol,Female,20,30,25,57.43200731,2,k483-25
k483,Infubinol,Female,20,30,30,59.74707708,2,k483-30
k483,Infubinol,Female,20,30,35,60.54156159,2,k483-35
k483,Infubinol,Female,20,30,40,64.13872489,3,k483-40
k483,Infubinol,Female,20,30,45,66.19691151,3,k483-45
k510,Stelasyn,Female,8,27,0,45.0,0,k510-0
k510,Stelasyn,Female,8,27,5,46.608467100000006,0,k510-5
k510,Stelasyn,Female,8,27,10,47.65824979999999,1,k510-10
k510,Stelasyn,Female,8,27,15,49.687051700000005,1,k510-15
k510,Stelasyn,Female,8,27,20,52.10557382,1,k510-20
k603,Propriva,Male,2,27,0,45.0,0,k603-0
k603,Propriva,Male,2,27,5,46.04211582,0,k603-5
k603,Propriva,Male,2,27,10,46.60694676,0,k603-10
k603,Propriva,Male,2,27,15,48.775285499999995,0,k603-15
k603,Propriva,Male,2,27,20,50.18010935,0,k603-20
k754,Zoniferol,Female,8,26,0,45.0,0,k754-0
k754,Zoniferol,Female,8,26,5,45.7277604,0,k754-5
k754,Zoniferol,Female,8,26,10,49.74611666,0,k754-10
k754,Zoniferol,Female,8,26,15,51.32356994,0,k754-15
k754,Zoniferol,Female,8,26,20,52.69342276,1,k754-20
k804,Infubinol,Female,23,29,0,45.0,0,k804-0
k804,Infubinol,Female,23,29,5,48.26620364,0,k804-5
k804,Infubinol,Female,23,29,10,49.47124419,0,k804-10
k804,Infubinol,Female,23,29,15,50.47761824,0,k804-15
k804,Infubinol,Female,23,29,20,54.48451945,0,k804-20
k804,Infubinol,Female,23,29,25,55.67480798,1,k804-25
k804,Infubinol,Female,23,29,30,59.24061511,2,k804-30
k804,Infubinol,Female,23,29,35,62.11727887,2,k804-35
k862,Stelasyn,Female,13,25,0,45.0,0,k862-0
k862,Stelasyn,Female,13,25,5,49.20305786,0,k862-5
k862,Stelasyn,Female,13,25,10,50.52355007,1,k862-10
k862,Stelasyn,Female,13,25,15,54.47453362,1,k862-15
k862,Stelasyn,Female,13,25,20,57.05784818,1,k862-20
k862,Stelasyn,Female,13,25,25,58.7192973,2,k862-25
k862,Stelasyn,Female,13,25,30,60.60543979,3,k862-30
k862,Stelasyn,Female,13,25,35,66.58072244,3,k862-35
k862,Stelasyn,Female,13,25,40,67.57134128,4,k862-40
k862,Stelasyn,Female,13,25,45,69.29914907,4,k862-45
k894,Zoniferol,Female,13,29,0,45.0,0,k894-0
k894,Zoniferol,Female,13,29,5,47.64568674,0,k894-5
k894,Zoniferol,Female,13,29,10,49.27287011,1,k894-10
k894,Zoniferol,Female,13,29,15,49.987765700000004,1,k894-15
k894,Zoniferol,Female,13,29,20,50.98163936,1,k894-20
k894,Zoniferol,Female,13,29,25,52.32583833,2,k894-25
k894,Zoniferol,Female,13,29,30,54.40012279,3,k894-30
k894,Zoniferol,Female,13,29,35,55.36266238,4,k894-35
k894,Zoniferol,Female,13,29,40,58.64705616,4,k894-40
k894,Zoniferol,Female,13,29,45,60.75270417,4,k894-45
l215,Propriva,Male,10,29,0,45.0,0,l215-0
l215,Propriva,Male,10,29,5,49.48194935,1,l215-5
l215,Propriva,Male,10,29,10,53.653969599999996,1,l215-10
l264,Ketapril,Female,15,30,0,45.0,0,l264-0
l264,Ketapril,Female,15,30,5,46.66876646,0,l264-5
l264,Ketapril,Female,15,30,10,50.65958094,0,l264-10
l471,Ceftamin,Female,7,28,0,45.0,0,l471-0
l471,Ceftamin,Female,7,28,5,46.25187204,0,l471-5
l471,Ceftamin,Female,7,28,10,48.18206306,0,l471-10
l471,Ceftamin,Female,7,28,15,49.40687901,0,l471-15
l471,Ceftamin,Female,7,28,20,52.22832698,0,l471-20
l471,Ceftamin,Female,7,28,25,52.84755893,1,l471-25
l471,Ceftamin,Female,7,28,30,58.09360446,1,l471-30
l471,Ceftamin,Female,7,28,35,61.40599916,1,l471-35
l471,Ceftamin,Female,7,28,40,63.84485785,1,l471-40
l471,Ceftamin,Female,7,28,45,67.74866174,1,l471-45
l490,Ceftamin,Male,24,26,0,45.0,0,l490-0
l490,Ceftamin,Male,24,26,5,45.61253918,1,l490-5
l490,Ceftamin,Male,24,26,10,47.25960594,1,l490-10
l490,Ceftamin,Male,24,26,15,50.52481268,1,l490-15
l490,Ceftamin,Male,24,26,20,51.90544699,1,l490-20
l490,Ceftamin,Male,24,26,25,55.81003359,2,l490-25
l490,Ceftamin,Male,24,26,30,57.91838132,3,l490-30
l558,Ceftamin,Female,13,30,0,45.0,0,l558-0
l558,Ceftamin,Female,13,30,5,45.80908882,0,l558-5
l558,Ceftamin,Female,13,30,10,46.78453491,0,l558-10
l661,Ceftamin,Male,18,26,0,45.0,0,l661-0
l661,Ceftamin,Male,18,26,5,46.26879904,0,l661-5
l661,Ceftamin,Male,18,26,10,49.68361956,0,l661-10
l661,Ceftamin,Male,18,26,15,50.94754484,1,l661-15
l661,Ceftamin,Male,18,26,20,52.61749003,1,l661-20
l661,Ceftamin,Male,18,26,25,53.18065678,2,l661-25
l661,Ceftamin,Male,18,26,30,55.32909936,2,l661-30
l661,Ceftamin,Male,18,26,35,56.47412871,2,l661-35
l661,Ceftamin,Male,18,26,40,59.20566876,3,l661-40
l661,Ceftamin,Male,18,26,45,59.85195552,3,l661-45
l700,Naftisol,Female,18,27,0,45.0,0,l700-0
l700,Naftisol,Female,18,27,5,45.91837165,0,l700-5
l700,Naftisol,Female,18,27,10,47.01356652,1,l700-10
l700,Naftisol,Female,18,27,15,49.04022529,1,l700-15
l700,Naftisol,Female,18,27,20,50.73476811,1,l700-20
l700,Naftisol,Female,18,27,25,54.23450181,1,l700-25
l700,Naftisol,Female,18,27,30,56.653215,1,l700-30
l700,Naftisol,Female,18,27,35,61.46260354,1,l700-35
l700,Naftisol,Female,18,27,40,62.98667798,1,l700-40
l700,Naftisol,Female,18,27,45,63.94664044,1,l700-45
l725,Naftisol,Female,8,26,0,45.0,0,l725-0
l725,Naftisol,Female,8,26,5,48.73631881,1,l725-5
l725,Naftisol,Female,8,26,10,50.82391154,2,l725-10
l725,Naftisol,Female,8,26,15,54.24456268,2,l725-15
l725,Naftisol,Female,8,26,20,59.61515479999999,2,l725-20
l725,Naftisol,Female,8,26,25,65.00882889,2,l725-25
l725,Naftisol,Female,8,26,30,66.59954515,3,l725-30
l725,Naftisol,Female,8,26,35,69.12570173,3,l725-35
l725,Naftisol,Female,8,26,40,73.69349382,3,l725-40
l725,Naftisol,Female,8,26,45,76.66881742,3,l725-45
l733,Ceftamin,Female,4,30,0,45.0,0,l733-0
l733,Ceftamin,Female,4,30,5,46.17422627,0,l733-5
l733,Ceftamin,Female,4,30,10,48.35495154,0,l733-10
l733,Ceftamin,Female,4,30,15,49.28519504,0,l733-15
l733,Ceftamin,Female,4,30,20,53.24431157,1,l733-20
l733,Ceftamin,Female,4,30,25,54.95166826,1,l733-25
l733,Ceftamin,Female,4,30,30,56.31906537,1,l733-30
l733,Ceftamin,Female,4,30,35,57.60079774,1,l733-35
l733,Ceftamin,Female,4,30,40,59.44350649999999,1,l733-40
l733,Ceftamin,Female,4,30,45,64.29983003,1,l733-45
l872,Placebo,Male,19,30,0,45.0,0,l872-0
m133,Naftisol,Female,2,26,0,45.0,0,m133-0
m133,Naftisol,Female,2,26,5,46.62130127,0,m133-5
m133,Naftisol,Female,2,26,10,47.50333803,0,m133-10
m133,Naftisol,Female,2,26,15,48.6652074,1,m133-15
m133,Naftisol,Female,2,26,20,52.63688249,1,m133-20
m133,Naftisol,Female,2,26,25,54.08243662,2,m133-25
m269,Stelasyn,Female,22,28,0,45.0,0,m269-0
m269,Stelasyn,Female,22,28,5,49.011180100000004,0,m269-5
m269,Stelasyn,Female,22,28,10,50.86013006,0,m269-10
m269,Stelasyn,Female,22,28,15,55.9053436,0,m269-15
m269,Stelasyn,Female,22,28,20,61.14586638,0,m269-20
m269,Stelasyn,Female,22,28,25,64.89301976,0,m269-25
m269,Stelasyn,Female,22,28,30,67.71250988,1,m269-30
m269,Stelasyn,Female,22,28,35,68.68991735,1,m269-35
m269,Stelasyn,Female,22,28,40,70.21464419,1,m269-40
m269,Stelasyn,Female,22,28,45,75.12368955,1,m269-45
m331,Zoniferol,Female,19,26,0,45.0,0,m331-0
m331,Zoniferol,Female,19,26,5,45.52301371,1,m331-5
m331,Zoniferol,Female,19,26,10,47.64687735,1,m331-10
m331,Zoniferol,Female,19,26,15,52.11008758,1,m331-15
m550,Ketapril,Male,18,28,0,45.0,0,m550-0
m550,Ketapril,Male,18,28,5,49.05409736,1,m550-5
m550,Ketapril,Male,18,28,10,50.54803457,2,m550-10
m550,Ketapril,Male,18,28,15,51.16606544,3,m550-15
m550,Ketapril,Male,18,28,20,53.75794476,3,m550-20
m550,Ketapril,Male,18,28,25,57.62068237,4,m550-25
m550,Ketapril,Male,18,28,30,60.85654272,4,m550-30
m550,Ketapril,Male,18,28,35,62.53915386,4,m550-35
m550,Ketapril,Male,18,28,40,68.21072019,4,m550-40
m550,Ketapril,Male,18,28,45,69.25350312,4,m550-45
m650,Ketapril,Male,15,27,0,45.0,0,m650-0
m650,Ketapril,Male,15,27,5,48.56249492,1,m650-5
m650,Ketapril,Male,15,27,10,50.96899763,1,m650-10
m650,Ketapril,Male,15,27,15,53.14955933,1,m650-15
m650,Ketapril,Male,15,27,20,56.777938799999994,2,m650-20
m650,Ketapril,Male,15,27,25,62.253596900000005,2,m650-25
m650,Ketapril,Male,15,27,30,64.90188755,3,m650-30
m650,Ketapril,Male,15,27,35,69.26574681,4,m650-35
m650,Ketapril,Male,15,27,40,70.79706787,4,m650-40
m650,Ketapril,Male,15,27,45,73.90139912,4,m650-45
m756,Infubinol,Male,19,30,0,45.0,0,m756-0
m756,Infubinol,Male,19,30,5,47.01036401,1,m756-5
n304,Naftisol,Male,9,26,0,45.0,0,n304-0
n304,Naftisol,Male,9,26,5,46.43121629,0,n304-5
n304,Naftisol,Male,9,26,10,47.20125097,0,n304-10
n304,Naftisol,Male,9,26,15,48.47797895,0,n304-15
n304,Naftisol,Male,9,26,20,49.25330863,1,n304-20
n304,Naftisol,Male,9,26,25,53.97085924,2,n304-25
n304,Naftisol,Male,9,26,30,55.03901985,3,n304-30
n304,Naftisol,Male,9,26,35,57.12241926,4,n304-35
n304,Naftisol,Male,9,26,40,59.83050667,4,n304-40
n304,Naftisol,Male,9,26,45,63.58639514,4,n304-45
n482,Propriva,Female,4,29,0,45.0,0,n482-0
n630,Propriva,Female,15,29,0,45.0,0,n630-0
n630,Propriva,Female,15,29,5,46.09909969,0,n630-5
n671,Infubinol,Male,18,25,0,45.0,0,n671-0
n671,Infubinol,Male,18,25,5,47.35388938,0,n671-5
n671,Infubinol,Male,18,25,10,51.03935653,0,n671-10
n671,Infubinol,Male,18,25,15,54.21606411,0,n671-15
n671,Infubinol,Male,18,25,20,54.82252091,0,n671-20
n671,Infubinol,Male,18,25,25,56.17445785,0,n671-25
n671,Infubinol,Male,18,25,30,60.16518046,0,n671-30
n678,Propriva,Male,5,29,0,45.0,0,n678-0
n678,Propriva,Male,5,29,5,47.55428429,0,n678-5
n678,Propriva,Male,5,29,10,49.14570866,1,n678-10
n763,Placebo,Female,16,25,0,45.0,0,n763-0
n763,Placebo,Female,16,25,5,46.08598142,0,n763-5
n763,Placebo,Female,16,25,10,46.81731526,1,n763-10
n763,Placebo,Female,16,25,15,47.79809961,1,n763-15
n763,Placebo,Female,16,25,20,49.25812581,1,n763-20
n763,Placebo,Female,16,25,25,53.40587053,2,n763-25
n763,Placebo,Female,16,25,30,55.41365961,3,n763-30
n763,Placebo,Female,16,25,35,57.38241296,3,n763-35
n763,Placebo,Female,16,25,40,58.01114583,4,n763-40
n923,Ketapril,Male,19,30,0,45.0,0,n923-0
n923,Ketapril,Male,19,30,5,45.82488099,0,n923-5
n923,Ketapril,Male,19,30,10,48.79194986,1,n923-10
n923,Ketapril,Male,19,30,15,51.73870623,1,n923-15
n923,Ketapril,Male,19,30,20,52.59920611,1,n923-20
n923,Ketapril,Male,19,30,25,56.85546498,2,n923-25
n923,Ketapril,Male,19,30,30,59.63256052,3,n923-30
n923,Ketapril,Male,19,30,35,60.35629432,3,n923-35
n923,Ketapril,Male,19,30,40,66.22960554,3,n923-40
n967,Zoniferol,Male,11,27,0,45.0,0,n967-0
n967,Zoniferol,Male,11,27,5,46.07719173,1,n967-5
n967,Zoniferol,Male,11,27,10,47.47172327,1,n967-10
n967,Zoniferol,Male,11,27,15,49.82500362,1,n967-15
o287,Ceftamin,Male,2,28,0,45.0,0,o287-0
o287,Ceftamin,Male,2,28,5,45.58680362,0,o287-5
o287,Ceftamin,Male,2,28,10,47.36020084,1,o287-10
o287,Ceftamin,Male,2,28,15,48.67945261,1,o287-15
o287,Ceftamin,Male,2,28,20,50.85614078,2,o287-20
o287,Ceftamin,Male,2,28,25,52.06848642,3,o287-25
o287,Ceftamin,Male,2,28,30,54.50300122,3,o287-30
o287,Ceftamin,Male,2,28,35,55.11829029,4,o287-35
o287,Ceftamin,Male,2,28,40,57.1971929,4,o287-40
o287,Ceftamin,Male,2,28,45,59.74190064,4,o287-45
o302,Placebo,Female,2,29,0,45.0,0,o302-0
o302,Placebo,Female,2,29,5,48.93701188,0,o302-5
o302,Placebo,Female,2,29,10,49.70144989,0,o302-10
o302,Placebo,Female,2,29,15,51.38148886,0,o302-15
o302,Placebo,Female,2,29,20,56.17761143,0,o302-20
o302,Placebo,Female,2,29,25,60.51710253,0,o302-25
o302,Placebo,Female,2,29,30,62.03059364,1,o302-30
o331,Ketapril,Male,24,30,0,45.0,0,o331-0
o331,Ketapril,Male,24,30,5,47.05966408,1,o331-5
o331,Ketapril,Male,24,30,10,50.12845481,1,o331-10
o331,Ketapril,Male,24,30,15,54.78976769,1,o331-15
o331,Ketapril,Male,24,30,20,58.96572043,1,o331-20
o331,Ketapril,Male,24,30,25,61.10230575,1,o331-25
o331,Ketapril,Male,24,30,30,66.33066347,1,o331-30
o331,Ketapril,Male,24,30,35,70.12623754,2,o331-35
o331,Ketapril,Male,24,30,40,71.44774251,3,o331-40
o331,Ketapril,Male,24,30,45,78.56701362,4,o331-45
o523,Propriva,Female,6,25,0,45.0,0,o523-0
o523,Propriva,Female,6,25,5,45.54470008,0,o523-5
o523,Propriva,Female,6,25,10,47.0810859,1,o523-10
o562,Propriva,Female,4,25,0,45.0,0,o562-0
o562,Propriva,Female,4,25,5,46.51495016,1,o562-5
o562,Propriva,Female,4,25,10,47.14767002,1,o562-10
o562,Propriva,Female,4,25,15,51.50508551,1,o562-15
o562,Propriva,Female,4,25,20,53.61686347,1,o562-20
o562,Propriva,Female,4,25,25,54.74273316,1,o562-25
o562,Propriva,Female,4,25,30,59.65352453,1,o562-30
o562,Propriva,Female,4,25,35,65.36076742,1,o562-35
o562,Propriva,Female,4,25,40,71.17246321,1,o562-40
o562,Propriva,Female,4,25,45,72.45542116,2,o562-45
o725,Naftisol,Male,4,26,0,45.0,0,o725-0
o725,Naftisol,Male,4,26,5,46.88982098,0,o725-5
o725,Naftisol,Male,4,26,10,48.199452,0,o725-10
o725,Naftisol,Male,4,26,15,50.01507902,1,o725-15
o795,Placebo,Female,20,26,0,45.0,0,o795-0
o795,Placebo,Female,20,26,5,46.76092721,1,o795-5
o795,Placebo,Female,20,26,10,51.1237037,1,o795-10
o795,Placebo,Female,20,26,15,55.88633793,2,o795-15
o795,Placebo,Female,20,26,20,60.61005916,3,o795-20
o795,Placebo,Female,20,26,25,65.74177723,4,o795-25
o795,Placebo,Female,20,26,30,68.21706974,4,o795-30
o795,Placebo,Female,20,26,35,69.08509415,4,o795-35
o795,Placebo,Female,20,26,40,70.26647887,4,o795-40
o795,Placebo,Female,20,26,45,73.05945435,4,o795-45
o809,Infubinol,Male,3,25,0,45.0,0,o809-0
o809,Infubinol,Male,3,25,5,46.87724316,0,o809-5
o809,Infubinol,Male,3,25,10,48.6707318,0,o809-10
o809,Infubinol,Male,3,25,15,49.68344504,1,o809-15
o809,Infubinol,Male,3,25,20,50.33655288,1,o809-20
o809,Infubinol,Male,3,25,25,52.31817407,1,o809-25
o809,Infubinol,Male,3,25,30,54.832628799999995,1,o809-30
o809,Infubinol,Male,3,25,35,55.62942846,1,o809-35
o813,Infubinol,Male,24,28,0,45.0,0,o813-0
o813,Infubinol,Male,24,28,5,45.69933088,0,o813-5
o848,Stelasyn,Female,14,27,0,45.0,0,o848-0
o926,Zoniferol,Male,15,29,0,45.0,0,o926-0
o926,Zoniferol,Male,15,29,5,46.76116373,0,o926-5
o926,Zoniferol,Male,15,29,10,47.56567364,1,o926-10
o926,Zoniferol,Male,15,29,15,48.25424839,1,o926-15
o926,Zoniferol,Male,15,29,20,51.82663825,2,o926-20
o926,Zoniferol,Male,15,29,25,54.76333852,3,o926-25
o926,Zoniferol,Male,15,29,30,56.91739838,3,o926-30
o926,Zoniferol,Male,15,29,35,58.59399318,3,o926-35
o926,Zoniferol,Male,15,29,40,59.90304448,3,o926-40
o926,Zoniferol,Male,15,29,45,62.32796606,4,o926-45
o973,Ketapril,Female,11,29,0,45.0,0,o973-0
o973,Ketapril,Female,11,29,5,46.71787727,0,o973-5
o973,Ketapril,Female,11,29,10,48.24579043,0,o973-10
o973,Ketapril,Female,11,29,15,49.87193582,0,o973-15
o973,Ketapril,Female,11,29,20,51.956993100000005,1,o973-20
o973,Ketapril,Female,11,29,25,53.17981471,1,o973-25
o973,Ketapril,Female,11,29,30,57.76995952,1,o973-30
o973,Ketapril,Female,11,29,35,60.24221931,1,o973-35
o973,Ketapril,Female,11,29,40,64.48781246,2,o973-40
p136,Zoniferol,Female,5,28,0,45.0,0,p136-0
p136,Zoniferol,Female,5,28,5,49.27397096,0,p136-5
p136,Zoniferol,Female,5,28,10,50.90789028,0,p136-10
p136,Zoniferol,Female,5,28,15,51.99141616,1,p136-15
p136,Zoniferol,Female,5,28,20,54.91379857,1,p136-20
p136,Zoniferol,Female,5,28,25,56.28147652,1,p136-25
p136,Zoniferol,Female,5,28,30,57.05280546,1,p136-30
p136,Zoniferol,Female,5,28,35,57.63078195,1,p136-35
p136,Zoniferol,Female,5,28,40,61.38024887,1,p136-40
p136,Zoniferol,Female,5,28,45,63.48869678,2,p136-45
p189,Ketapril,Male,8,28,0,45.0,0,p189-0
p189,Ketapril,Male,8,28,5,49.04870704,1,p189-5
p189,Ketapril,Male,8,28,10,51.58216168,2,p189-10
p189,Ketapril,Male,8,28,15,53.6755415,2,p189-15
p189,Ketapril,Male,8,28,20,56.53020447,3,p189-20
p189,Ketapril,Male,8,28,25,62.10895956,3,p189-25
p189,Ketapril,Male,8,28,30,67.10453665,4,p189-30
p189,Ketapril,Male,8,28,35,67.87377675,4,p189-35
p189,Ketapril,Male,8,28,40,74.10609077,4,p189-40
p189,Ketapril,Male,8,28,45,75.2949359,4,p189-45
p310,Propriva,Male,6,26,0,45.0,0,p310-0
p310,Propriva,Male,6,26,5,46.55853236,1,p310-5
p310,Propriva,Male,6,26,10,48.66560668,1,p310-10
p310,Propriva,Male,6,26,15,49.77074144,1,p310-15
p310,Propriva,Male,6,26,20,54.20518054,1,p310-20
p310,Propriva,Male,6,26,25,55.34183416,2,p310-25
p387,Stelasyn,Male,3,30,0,45.0,0,p387-0
p387,Stelasyn,Male,3,30,5,48.66763075,0,p387-5
p387,Stelasyn,Male,3,30,10,53.36296294,0,p387-10
p387,Stelasyn,Male,3,30,15,55.25138033,0,p387-15
p387,Stelasyn,Male,3,30,20,56.58761679999999,0,p387-20
p387,Stelasyn,Male,3,30,25,58.09848946,0,p387-25
p387,Stelasyn,Male,3,30,30,63.26924552,0,p387-30
p387,Stelasyn,Male,3,30,35,66.4922038,1,p387-35
p387,Stelasyn,Male,3,30,40,69.03887618,1,p387-40
p438,Ceftamin,Female,11,26,0,45.0,0,p438-0
p438,Ceftamin,Female,11,26,5,46.82793418,0,p438-5
p438,Ceftamin,Female,11,26,10,50.51749789,0,p438-10
p438,Ceftamin,Female,11,26,15,52.19836818,0,p438-15
p438,Ceftamin,Female,11,26,20,52.90529861,0,p438-20
p438,Ceftamin,Female,11,26,25,54.51057493,0,p438-25
p438,Ceftamin,Female,11,26,30,56.40642173,0,p438-30
p438,Ceftamin,Female,11,26,35,57.53855546,1,p438-35
p438,Ceftamin,Female,11,26,40,59.30528806,1,p438-40
p438,Ceftamin,Female,11,26,45,61.43389223,1,p438-45
p981,Stelasyn,Male,20,29,0,45.0,0,p981-0
p981,Stelasyn,Male,20,29,5,47.00062717,0,p981-5
p981,Stelasyn,Male,20,29,10,47.54584585,0,p981-10
p981,Stelasyn,Male,20,29,15,49.65770973,0,p981-15
p981,Stelasyn,Male,20,29,20,50.35806947,0,p981-20
p981,Stelasyn,Male,20,29,25,52.5447048,1,p981-25
p981,Stelasyn,Male,20,29,30,56.33910432,1,p981-30
p981,Stelasyn,Male,20,29,35,59.13102297,1,p981-35
q119,Ketapril,Male,17,30,0,45.0,0,q119-0
q119,Ketapril,Male,17,30,5,47.86444,0,q119-5
q119,Ketapril,Male,17,30,10,51.23660557,0,q119-10
q132,Infubinol,Female,1,30,0,45.0,0,q132-0
q132,Infubinol,Female,1,30,5,46.7163985,1,q132-5
q132,Infubinol,Female,1,30,10,47.95384377,2,q132-10
q132,Infubinol,Female,1,30,15,49.15974862,3,q132-15
q132,Infubinol,Female,1,30,20,51.90902494,4,q132-20
q132,Infubinol,Female,1,30,25,52.78048929999999,4,q132-25
q132,Infubinol,Female,1,30,30,54.65654872,4,q132-30
q483,Ceftamin,Male,6,26,0,45.0,0,q483-0
q483,Ceftamin,Male,6,26,5,46.77681624,1,q483-5
q483,Ceftamin,Male,6,26,10,47.8391005,1,q483-10
q483,Ceftamin,Male,6,26,15,48.4684826,1,q483-15
q483,Ceftamin,Male,6,26,20,50.239855799999994,1,q483-20
q483,Ceftamin,Male,6,26,25,52.43006649,1,q483-25
q483,Ceftamin,Male,6,26,30,54.95222585,1,q483-30
q483,Ceftamin,Male,6,26,35,59.25348433,1,q483-35
q483,Ceftamin,Male,6,26,40,64.19234114,1,q483-40
q511,Zoniferol,Female,2,28,0,45.0,0,q511-0
q511,Zoniferol,Female,2,28,5,45.83265378,0,q511-5
q511,Zoniferol,Female,2,28,10,50.31164687,0,q511-10
q511,Zoniferol,Female,2,28,15,52.13308139,0,q511-15
q511,Zoniferol,Female,2,28,20,52.67271205,0,q511-20
q511,Zoniferol,Female,2,28,25,57.25758287,0,q511-25
q511,Zoniferol,Female,2,28,30,59.3643535,1,q511-30
q511,Zoniferol,Female,2,28,35,60.83866059,1,q511-35
q511,Zoniferol,Female,2,28,40,63.19442807,2,q511-40
q511,Zoniferol,Female,2,28,45,68.61106075,3,q511-45
q582,Placebo,Male,5,30,0,45.0,0,q582-0
q582,Placebo,Male,5,30,5,45.95539895,1,q582-5
q582,Placebo,Male,5,30,10,47.01357514,1,q582-10
q582,Placebo,Male,5,30,15,48.32264018,2,q582-15
q582,Placebo,Male,5,30,20,51.18597648,2,q582-20
q582,Placebo,Male,5,30,25,51.96821056,2,q582-25
q582,Placebo,Male,5,30,30,52.64889350000001,2,q582-30
q582,Placebo,Male,5,30,35,53.71315792,2,q582-35
q633,Zoniferol,Male,12,25,0,45.0,0,q633-0
q633,Zoniferol,Male,12,25,5,47.18380215,0,q633-5
q633,Zoniferol,Male,12,25,10,49.00186559,0,q633-10
q633,Zoniferol,Male,12,25,15,50.583557299999995,1,q633-15
q633,Zoniferol,Male,12,25,20,53.28728681,1,q633-20
q633,Zoniferol,Male,12,25,25,55.6831017,1,q633-25
q633,Zoniferol,Male,12,25,30,58.05725257,1,q633-30
q633,Zoniferol,Male,12,25,35,63.1256593,1,q633-35
q633,Zoniferol,Male,12,25,40,68.49863876,2,q633-40
q633,Zoniferol,Male,12,25,45,70.82779631,2,q633-45
q787,Placebo,Male,17,27,0,45.0,0,q787-0
q787,Placebo,Male,17,27,5,47.11661587,0,q787-5
q787,Placebo,Male,17,27,10,48.59386234,1,q787-10
q787,Placebo,Male,17,27,15,49.21773243,2,q787-15
q787,Placebo,Male,17,27,20,50.22993419,2,q787-20
q787,Placebo,Male,17,27,25,52.71318786,2,q787-25
q787,Placebo,Male,17,27,30,55.03620625,2,q787-30
q787,Placebo,Male,17,27,35,60.33385242,3,q787-35
q787,Placebo,Male,17,27,40,62.0341267,3,q787-40
q787,Placebo,Male,17,27,45,66.09647477,3,q787-45
r107,Propriva,Female,2,28,0,45.0,0,r107-0
r107,Propriva,Female,2,28,5,48.51342027,0,r107-5
r107,Propriva,Female,2,28,10,49.18601052,0,r107-10
r107,Propriva,Female,2,28,15,53.09033546,0,r107-15
r107,Propriva,Female,2,28,20,55.263858400000004,0,r107-20
r107,Propriva,Female,2,28,25,57.70666715,1,r107-25
r107,Propriva,Female,2,28,30,58.40647256,1,r107-30
r157,Capomulin,Male,22,25,0,45.0,0,r157-0
r157,Capomulin,Male,22,25,5,45.59706359,0,r157-5
r157,Capomulin,Male,22,25,10,46.05960827,0,r157-10
r157,Capomulin,Male,22,25,15,46.53920617,0,r157-15
r604,Naftisol,Male,7,30,0,45.0,0,r604-0
r604,Naftisol,Male,7,30,5,47.06774448,1,r604-5
r604,Naftisol,Male,7,30,10,48.78655957,1,r604-10
r604,Naftisol,Male,7,30,15,51.07452073,1,r604-15
r604,Naftisol,Male,7,30,20,51.90275292,1,r604-20
r604,Naftisol,Male,7,30,25,52.93685812,1,r604-25
r604,Naftisol,Male,7,30,30,54.68821536,2,r604-30
r604,Naftisol,Male,7,30,35,59.21700015,2,r604-35
r604,Naftisol,Male,7,30,40,60.18611531,2,r604-40
r604,Naftisol,Male,7,30,45,62.67075904,3,r604-45
r701,Naftisol,Male,21,25,0,45.0,0,r701-0
r701,Naftisol,Male,21,25,5,46.88697137,0,r701-5
r701,Naftisol,Male,21,25,10,49.65459636,0,r701-10
r701,Naftisol,Male,21,25,15,52.48480443,0,r701-15
r701,Naftisol,Male,21,25,20,54.11413742,0,r701-20
r701,Naftisol,Male,21,25,25,57.89848998,1,r701-25
r701,Naftisol,Male,21,25,30,60.34181872,1,r701-30
r701,Naftisol,Male,21,25,35,64.73001045,1,r701-35
r701,Naftisol,Male,21,25,40,66.64072178,1,r701-40
r701,Naftisol,Male,21,25,45,69.77854407,1,r701-45
r850,Placebo,Male,5,30,0,45.0,0,r850-0
r850,Placebo,Male,5,30,5,46.86291194,0,r850-5
r850,Placebo,Male,5,30,10,48.51509085,1,r850-10
r850,Placebo,Male,5,30,15,50.21860469,1,r850-15
s121,Infubinol,Male,23,26,0,45.0,0,s121-0
s121,Infubinol,Male,23,26,5,45.63566174,1,s121-5
s121,Infubinol,Male,23,26,10,49.04883479,1,s121-10
s121,Infubinol,Male,23,26,15,50.82456031,2,s121-15
s121,Infubinol,Male,23,26,20,52.0050659,2,s121-20
s121,Infubinol,Male,23,26,25,55.65068132,2,s121-25
s141,Propriva,Male,8,25,0,45.0,0,s141-0
s141,Propriva,Male,8,25,5,45.83113434,0,s141-5
s141,Propriva,Male,8,25,10,47.23569156,0,s141-10
s141,Propriva,Male,8,25,15,49.23234538,1,s141-15
s141,Propriva,Male,8,25,20,51.6216457,1,s141-20
s141,Propriva,Male,8,25,25,53.80437038,1,s141-25
s141,Propriva,Male,8,25,30,55.84141007,1,s141-30
s152,Placebo,Female,4,30,0,45.0,0,s152-0
s152,Placebo,Female,4,30,5,47.459052899999996,1,s152-5
s152,Placebo,Female,4,30,10,52.1816442,2,s152-10
s152,Placebo,Female,4,30,15,57.22498064,2,s152-15
s152,Placebo,Female,4,30,20,62.35160945,2,s152-20
s152,Placebo,Female,4,30,25,64.11914213,2,s152-25
s166,Placebo,Male,19,27,0,45.0,0,s166-0
s166,Placebo,Male,19,27,5,47.18678778,0,s166-5
s166,Placebo,Male,19,27,10,49.00012468,0,s166-10
s187,Propriva,Male,22,25,0,45.0,0,s187-0
s187,Propriva,Male,22,25,5,47.57671761,1,s187-5
s187,Propriva,Male,22,25,10,48.14635121,1,s187-10
s187,Propriva,Male,22,25,15,52.08163225,1,s187-15
s187,Propriva,Male,22,25,20,53.74473406,1,s187-20
s187,Propriva,Male,22,25,25,56.48521984,1,s187-25
s187,Propriva,Male,22,25,30,60.00878263,2,s187-30
s337,Zoniferol,Male,14,27,0,45.0,0,s337-0
s337,Zoniferol,Male,14,27,5,46.84985157,0,s337-5
s337,Zoniferol,Male,14,27,10,47.8944415,0,s337-10
s337,Zoniferol,Male,14,27,15,48.57151582,0,s337-15
s337,Zoniferol,Male,14,27,20,49.20205408,1,s337-20
s337,Zoniferol,Male,14,27,25,50.9706889,2,s337-25
s337,Zoniferol,Male,14,27,30,52.74771768,3,s337-30
s337,Zoniferol,Male,14,27,35,54.81081251,3,s337-35
s337,Zoniferol,Male,14,27,40,56.99481589,4,s337-40
s337,Zoniferol,Male,14,27,45,62.10965102,4,s337-45
s565,Stelasyn,Female,3,29,0,45.0,0,s565-0
s565,Stelasyn,Female,3,29,5,48.24255218,0,s565-5
s565,Stelasyn,Female,3,29,10,52.77752710000001,0,s565-10
s565,Stelasyn,Female,3,29,15,54.32831664,1,s565-15
s565,Stelasyn,Female,3,29,20,57.04618912,1,s565-20
s565,Stelasyn,Female,3,29,25,58.55361079,1,s565-25
s565,Stelasyn,Female,3,29,30,63.66896678,1,s565-30
s565,Stelasyn,Female,3,29,35,64.77657909,2,s565-35
s565,Stelasyn,Female,3,29,40,67.22100698,2,s565-40
s565,Stelasyn,Female,3,29,45,72.58896447,2,s565-45
s619,Stelasyn,Male,22,30,0,45.0,0,s619-0
s619,Stelasyn,Male,22,30,5,46.60226878,0,s619-5
t198,Propriva,Male,22,26,0,45.0,0,t198-0
t198,Propriva,Male,22,26,5,47.46126052,0,t198-5
t198,Propriva,Male,22,26,10,49.00080978,1,t198-10
t198,Propriva,Male,22,26,15,49.781180799999994,2,t198-15
t198,Propriva,Male,22,26,20,51.49073998,3,t198-20
t198,Propriva,Male,22,26,25,56.18466399,3,t198-25
t198,Propriva,Male,22,26,30,56.92497431,3,t198-30
t198,Propriva,Male,22,26,35,57.73594116,3,t198-35
t198,Propriva,Male,22,26,40,59.12995997,4,t198-40
t198,Propriva,Male,22,26,45,64.91136268,4,t198-45
t451,Stelasyn,Male,8,29,0,45.0,0,t451-0
t451,Stelasyn,Male,8,29,5,48.04713882,0,t451-5
t451,Stelasyn,Male,8,29,10,48.95791906,0,t451-10
t451,Stelasyn,Male,8,29,15,49.65278772,0,t451-15
t451,Stelasyn,Male,8,29,20,51.06367793,0,t451-20
t451,Stelasyn,Male,8,29,25,55.52755345,0,t451-25
t451,Stelasyn,Male,8,29,30,59.27582268,0,t451-30
t451,Stelasyn,Male,8,29,35,63.75698964,0,t451-35
t451,Stelasyn,Male,8,29,40,67.65479599,1,t451-40
t451,Stelasyn,Male,8,29,45,68.7116302,1,t451-45
t573,Ceftamin,Female,15,27,0,45.0,0,t573-0
t718,Placebo,Female,10,30,0,45.0,0,t718-0
t718,Placebo,Female,10,30,5,45.92125272,1,t718-5
t718,Placebo,Female,10,30,10,46.39268805,1,t718-10
t718,Placebo,Female,10,30,15,48.08512552,1,t718-15
t718,Placebo,Female,10,30,20,52.6367,2,t718-20
t718,Placebo,Female,10,30,25,55.87658787,3,t718-25
t718,Placebo,Female,10,30,30,57.70411372,3,t718-30
t718,Placebo,Female,10,30,35,60.46389851,3,t718-35
t718,Placebo,Female,10,30,40,61.530398899999994,3,t718-40
t718,Placebo,Female,10,30,45,63.42369517,4,t718-45
t724,Naftisol,Female,2,25,0,45.0,0,t724-0
t724,Naftisol,Female,2,25,5,46.35925829,0,t724-5
t724,Naftisol,Female,2,25,10,50.70389965,0,t724-10
t724,Naftisol,Female,2,25,15,55.58461724,0,t724-15
t724,Naftisol,Female,2,25,20,57.22940914,0,t724-20
t724,Naftisol,Female,2,25,25,59.82606797,1,t724-25
t724,Naftisol,Female,2,25,30,64.2345947,2,t724-30
t724,Naftisol,Female,2,25,35,67.74432795,2,t724-35
t724,Naftisol,Female,2,25,40,69.72832559,2,t724-40
t724,Naftisol,Female,2,25,45,75.11328801,2,t724-45
t994,Placebo,Male,14,30,0,45.0,0,t994-0
t994,Placebo,Male,14,30,5,47.891487100000006,0,t994-5
t994,Placebo,Male,14,30,10,52.614163500000004,1,t994-10
t994,Placebo,Male,14,30,15,53.45863887,1,t994-15
t994,Placebo,Male,14,30,20,56.52795159,1,t994-20
u149,Ceftamin,Male,24,29,0,45.0,0,u149-0
u149,Ceftamin,Male,24,29,5,45.79206792,0,u149-5
u149,Ceftamin,Male,24,29,10,47.40483439,0,u149-10
u149,Ceftamin,Male,24,29,15,48.52237343,0,u149-15
u149,Ceftamin,Male,24,29,20,50.37805789,0,u149-20
u149,Ceftamin,Male,24,29,25,52.92534846,0,u149-25
u153,Ceftamin,Female,11,25,0,45.0,0,u153-0
u327,Ketapril,Male,17,25,0,45.0,0,u327-0
u327,Ketapril,Male,17,25,5,45.69418805,0,u327-5
u327,Ketapril,Male,17,25,10,49.23525948,0,u327-10
u327,Ketapril,Male,17,25,15,50.65996437,0,u327-15
u327,Ketapril,Male,17,25,20,53.18987907,0,u327-20
u327,Ketapril,Male,17,25,25,56.05963409,0,u327-25
u327,Ketapril,Male,17,25,30,57.31407239,0,u327-30
u327,Ketapril,Male,17,25,35,58.08902837,1,u327-35
u327,Ketapril,Male,17,25,40,60.46654541,1,u327-40
u327,Ketapril,Male,17,25,45,66.26880133,2,u327-45
u946,Propriva,Male,5,30,0,45.0,0,u946-0
u946,Propriva,Male,5,30,5,45.9918078,1,u946-5
u946,Propriva,Male,5,30,10,46.73050592,1,u946-10
u946,Propriva,Male,5,30,15,47.67302921,1,u946-15
u946,Propriva,Male,5,30,20,49.11004966,1,u946-20
v199,Naftisol,Female,17,29,0,45.0,0,v199-0
v289,Ketapril,Female,3,26,0,45.0,0,v289-0
v289,Ketapril,Female,3,26,5,46.20446003,0,v289-5
v289,Ketapril,Female,3,26,10,48.13348207,0,v289-10
v289,Ketapril,Female,3,26,15,52.60216564,0,v289-15
v289,Ketapril,Female,3,26,20,54.25005397,0,v289-20
v289,Ketapril,Female,3,26,25,56.72009545,0,v289-25
v295,Naftisol,Female,2,27,0,45.0,0,v295-0
v295,Naftisol,Female,2,27,5,46.11181797,1,v295-5
v295,Naftisol,Female,2,27,10,47.53946216,2,v295-10
v295,Naftisol,Female,2,27,15,50.66605391,2,v295-15
v295,Naftisol,Female,2,27,20,55.73137535,3,v295-20
v295,Naftisol,Female,2,27,25,57.69185918,3,v295-25
v295,Naftisol,Female,2,27,30,59.33377202,3,v295-30
v295,Naftisol,Female,2,27,35,61.89315267,3,v295-35
v295,Naftisol,Female,2,27,40,65.46607444,3,v295-40
v339,Infubinol,Male,20,26,0,45.0,0,v339-0
v339,Infubinol,Male,20,26,5,46.25011212,0,v339-5
v409,Placebo,Female,16,25,0,45.0,0,v409-0
v409,Placebo,Female,16,25,5,46.22079642,0,v409-5
v409,Placebo,Female,16,25,10,50.64903842,1,v409-10
v603,Ketapril,Female,22,30,0,45.0,0,v603-0
v603,Ketapril,Female,22,30,5,46.01600593,0,v603-5
v603,Ketapril,Female,22,30,10,47.8305568,0,v603-10
v603,Ketapril,Female,22,30,15,52.10294744,0,v603-15
v603,Ketapril,Female,22,30,20,53.72124193,0,v603-20
v603,Ketapril,Female,22,30,25,56.07523001,1,v603-25
v603,Ketapril,Female,22,30,30,57.99055378,1,v603-30
v603,Ketapril,Female,22,30,35,63.18943184,1,v603-35
v719,Infubinol,Female,17,30,0,45.0,0,v719-0
v719,Infubinol,Female,17,30,5,47.18836325,0,v719-5
v719,Infubinol,Female,17,30,10,51.49705412,1,v719-10
v719,Infubinol,Female,17,30,15,52.60910758,1,v719-15
v719,Infubinol,Female,17,30,20,54.04860769,1,v719-20
v764,Stelasyn,Female,5,30,0,45.0,0,v764-0
v764,Stelasyn,Female,5,30,5,47.05418474,0,v764-5
v764,Stelasyn,Female,5,30,10,48.18900062,1,v764-10
v764,Stelasyn,Female,5,30,15,49.41262418,2,v764-15
v766,Infubinol,Male,16,27,0,45.0,0,v766-0
v766,Infubinol,Male,16,27,5,48.15125091,1,v766-5
v766,Infubinol,Male,16,27,10,50.36310988,1,v766-10
v766,Infubinol,Male,16,27,15,51.54243058,1,v766-15
v835,Naftisol,Male,7,29,0,45.0,0,v835-0
v835,Naftisol,Male,7,29,5,47.15601071,0,v835-5
v835,Naftisol,Male,7,29,10,48.96591797,0,v835-10
v835,Naftisol,Male,7,29,15,50.54520646,1,v835-15
v835,Naftisol,Male,7,29,20,51.29654266,2,v835-20
v989,Placebo,Male,4,25,0,45.0,0,v989-0
v989,Placebo,Male,4,25,5,48.85813451,0,v989-5
v989,Placebo,Male,4,25,10,52.61468889,1,v989-10
v991,Propriva,Female,10,30,0,45.0,0,v991-0
v991,Propriva,Female,10,30,5,49.21432799,1,v991-5
v991,Propriva,Female,10,30,10,52.6449057,1,v991-10
v991,Propriva,Female,10,30,15,54.588591,1,v991-15
v991,Propriva,Female,10,30,20,57.74069459,2,v991-20
v991,Propriva,Female,10,30,25,60.01674733,2,v991-25
v991,Propriva,Female,10,30,30,62.74364308,3,v991-30
v991,Propriva,Female,10,30,35,63.89531294,4,v991-35
v991,Propriva,Female,10,30,40,64.8511286,4,v991-40
v991,Propriva,Female,10,30,45,70.16774899,4,v991-45
w140,Zoniferol,Female,19,30,0,45.0,0,w140-0
w140,Zoniferol,Female,19,30,5,47.71795156,0,w140-5
w151,Ceftamin,Male,24,25,0,45.0,0,w151-0
w151,Ceftamin,Male,24,25,5,45.54607595,1,w151-5
w151,Ceftamin,Male,24,25,10,46.50147609,1,w151-10
w151,Ceftamin,Male,24,25,15,47.24292865,1,w151-15
w151,Ceftamin,Male,24,25,20,49.55426295,2,w151-20
w151,Ceftamin,Male,24,25,25,51.869058700000004,2,w151-25
w151,Ceftamin,Male,24,25,30,56.76715821,2,w151-30
w151,Ceftamin,Male,24,25,35,58.33914095,2,w151-35
w151,Ceftamin,Male,24,25,40,62.18795039,2,w151-40
w151,Ceftamin,Male,24,25,45,67.52748237,3,w151-45
w167,Placebo,Female,6,28,0,45.0,0,w167-0
w167,Placebo,Female,6,28,5,48.78627194,0,w167-5
w167,Placebo,Female,6,28,10,51.82640965,0,w167-10
w167,Placebo,Female,6,28,15,53.90048909,0,w167-15
w167,Placebo,Female,6,28,20,57.54815669,0,w167-20
w167,Placebo,Female,6,28,25,61.86857673,0,w167-25
w167,Placebo,Female,6,28,30,67.19787186,0,w167-30
w167,Placebo,Female,6,28,35,68.13428817,0,w167-35
w193,Infubinol,Male,22,30,0,45.0,0,w193-0
w193,Infubinol,Male,22,30,5,45.49385802,0,w193-5
w193,Infubinol,Male,22,30,10,48.34655046,0,w193-10
w193,Infubinol,Male,22,30,15,49.38557373,0,w193-15
w193,Infubinol,Male,22,30,20,50.00513807,0,w193-20
w350,Propriva,Male,7,26,0,45.0,0,w350-0
w350,Propriva,Male,7,26,5,48.23211311,0,w350-5
w350,Propriva,Male,7,26,10,48.89955238,0,w350-10
w350,Propriva,Male,7,26,15,50.8546323,1,w350-15
w350,Propriva,Male,7,26,20,52.13232061,1,w350-20
w350,Propriva,Male,7,26,25,52.80591518,1,w350-25
w350,Propriva,Male,7,26,30,55.87990896,1,w350-30
w350,Propriva,Male,7,26,35,56.68355758,1,w350-35
w350,Propriva,Male,7,26,40,62.32434769,2,w350-40
w350,Propriva,Male,7,26,45,64.95756185,2,w350-45
w422,Ketapril,Female,18,26,0,45.0,0,w422-0
w422,Ketapril,Female,18,26,5,48.45745927,0,w422-5
w422,Ketapril,Female,18,26,10,49.93597024,0,w422-10
w422,Ketapril,Female,18,26,15,52.24630985,0,w422-15
w422,Ketapril,Female,18,26,20,53.67624336,1,w422-20
w422,Ketapril,Female,18,26,25,56.95791715,2,w422-25
w422,Ketapril,Female,18,26,30,60.09663467,3,w422-30
w422,Ketapril,Female,18,26,35,61.40961994,4,w422-35
w422,Ketapril,Female,18,26,40,63.07258467,4,w422-40
w422,Ketapril,Female,18,26,45,67.98953001,4,w422-45
w540,Stelasyn,Female,8,26,0,45.0,0,w540-0
w540,Stelasyn,Female,8,26,5,45.88537038,1,w540-5
w540,Stelasyn,Female,8,26,10,47.45906658,1,w540-10
w540,Stelasyn,Female,8,26,15,48.25014636,2,w540-15
w540,Stelasyn,Female,8,26,20,50.67272745,2,w540-20
w540,Stelasyn,Female,8,26,25,52.60026955,2,w540-25
w575,Zoniferol,Female,16,28,0,45.0,0,w575-0
w575,Zoniferol,Female,16,28,5,48.91385977,1,w575-5
w575,Zoniferol,Female,16,28,10,50.13595547,1,w575-10
w575,Zoniferol,Female,16,28,15,50.86745176,1,w575-15
w575,Zoniferol,Female,16,28,20,55.5918155,1,w575-20
w575,Zoniferol,Female,16,28,25,58.58732169,1,w575-25
w575,Zoniferol,Female,16,28,30,60.15306524,1,w575-30
w575,Zoniferol,Female,16,28,35,63.68644503,2,w575-35
w575,Zoniferol,Female,16,28,40,64.93840621,3,w575-40
w575,Zoniferol,Female,16,28,45,68.40128593,3,w575-45
w584,Infubinol,Male,3,29,0,45.0,0,w584-0
w584,Infubinol,Male,3,29,5,46.05193075,0,w584-5
w584,Infubinol,Male,3,29,10,47.29850794,0,w584-10
w584,Infubinol,Male,3,29,15,51.26543971,0,w584-15
w584,Infubinol,Male,3,29,20,53.32350743,1,w584-20
w584,Infubinol,Male,3,29,25,55.65083791,1,w584-25
w584,Infubinol,Male,3,29,30,58.26844248,1,w584-30
w697,Stelasyn,Female,14,30,0,45.0,0,w697-0
w697,Stelasyn,Female,14,30,5,48.30182261,1,w697-5
w697,Stelasyn,Female,14,30,10,48.925056,2,w697-10
w697,Stelasyn,Female,14,30,15,52.65726519,2,w697-15
w697,Stelasyn,Female,14,30,20,54.22809098,3,w697-20
w697,Stelasyn,Female,14,30,25,57.610394299999996,3,w697-25
w697,Stelasyn,Female,14,30,30,60.72063591,3,w697-30
w697,Stelasyn,Female,14,30,35,63.68904216,3,w697-35
w746,Propriva,Male,1,26,0,45.0,0,w746-0
w746,Propriva,Male,1,26,5,49.45327005,0,w746-5
x111,Propriva,Female,24,27,0,45.0,0,x111-0
x111,Propriva,Female,24,27,5,46.94101498,1,x111-5
x111,Propriva,Female,24,27,10,49.12296898,1,x111-10
x209,Propriva,Female,7,29,0,45.0,0,x209-0
x209,Propriva,Female,7,29,5,46.75426887,0,x209-5
x209,Propriva,Female,7,29,10,48.92989543,0,x209-10
x226,Ceftamin,Male,23,28,0,45.0,0,x226-0
x264,Naftisol,Female,21,27,0,45.0,0,x264-0
x264,Naftisol,Female,21,27,5,47.0384145,0,x264-5
x264,Naftisol,Female,21,27,10,47.88712765,1,x264-10
x264,Naftisol,Female,21,27,15,50.00231403,1,x264-15
x264,Naftisol,Female,21,27,20,53.07426973,1,x264-20
x264,Naftisol,Female,21,27,25,56.89105283,2,x264-25
x264,Naftisol,Female,21,27,30,58.15869423,3,x264-30
x264,Naftisol,Female,21,27,35,61.29960778,4,x264-35
x264,Naftisol,Female,21,27,40,63.28328821,4,x264-40
x336,Naftisol,Female,4,29,0,45.0,0,x336-0
x402,Stelasyn,Male,21,28,0,45.0,0,x402-0
x402,Stelasyn,Male,21,28,5,46.32757027,1,x402-5
x402,Stelasyn,Male,21,28,10,46.88696249,1,x402-10
x402,Stelasyn,Male,21,28,15,49.11994779999999,1,x402-15
x402,Stelasyn,Male,21,28,20,50.41475041,2,x402-20
x402,Stelasyn,Male,21,28,25,52.43173664,2,x402-25
x402,Stelasyn,Male,21,28,30,54.35158463,3,x402-30
x402,Stelasyn,Male,21,28,35,55.24096223,3,x402-35
x402,Stelasyn,Male,21,28,40,56.69172294,3,x402-40
x402,Stelasyn,Male,21,28,45,61.61960615,3,x402-45
x581,Ceftamin,Female,19,28,0,45.0,0,x581-0
x581,Ceftamin,Female,19,28,5,47.1969266,0,x581-5
x581,Ceftamin,Female,19,28,10,49.06702788,1,x581-10
x581,Ceftamin,Female,19,28,15,49.74642744,2,x581-15
x581,Ceftamin,Female,19,28,20,51.20796943,3,x581-20
x581,Ceftamin,Female,19,28,25,51.93528318,3,x581-25
x581,Ceftamin,Female,19,28,30,55.49282602,3,x581-30
x581,Ceftamin,Female,19,28,35,58.07758293,3,x581-35
x581,Ceftamin,Female,19,28,40,60.28040549,3,x581-40
x581,Ceftamin,Female,19,28,45,64.63494887,3,x581-45
x613,Zoniferol,Female,2,29,0,45.0,0,x613-0
x613,Zoniferol,Female,2,29,5,46.09704058,0,x613-5
x613,Zoniferol,Female,2,29,10,46.81817589999999,0,x613-10
x613,Zoniferol,Female,2,29,15,48.0776464,0,x613-15
x773,Placebo,Female,21,30,0,45.0,0,x773-0
x773,Placebo,Female,21,30,5,45.8508307,1,x773-5
x773,Placebo,Female,21,30,10,47.18920597,2,x773-10
x773,Placebo,Female,21,30,15,47.67123558,3,x773-15
x773,Placebo,Female,21,30,20,49.739712899999994,3,x773-20
x773,Placebo,Female,21,30,25,51.10442109,3,x773-25
x773,Placebo,Female,21,30,30,52.81311518,4,x773-30
x773,Placebo,Female,21,30,35,55.19273639,4,x773-35
x773,Placebo,Female,21,30,40,55.98767551,4,x773-40
x773,Placebo,Female,21,30,45,58.63497149,4,x773-45
x822,Ceftamin,Male,3,29,0,45.0,0,x822-0
x822,Ceftamin,Male,3,29,5,45.67110442,1,x822-5
x822,Ceftamin,Male,3,29,10,48.98371668,1,x822-10
x822,Ceftamin,Male,3,29,15,49.69466533,1,x822-15
x822,Ceftamin,Male,3,29,20,51.91490968,2,x822-20
x822,Ceftamin,Male,3,29,25,54.04133326,2,x822-25
x822,Ceftamin,Male,3,29,30,55.44515483,2,x822-30
x822,Ceftamin,Male,3,29,35,56.79656665,2,x822-35
x822,Ceftamin,Male,3,29,40,59.55568466,2,x822-40
x822,Ceftamin,Male,3,29,45,61.38666032,3,x822-45
x930,Naftisol,Male,13,26,0,45.0,0,x930-0
x930,Naftisol,Male,13,26,5,46.07823375,0,x930-5
x930,Naftisol,Male,13,26,10,50.26069441,0,x930-10
x930,Naftisol,Male,13,26,15,51.97376864,0,x930-15
x930,Naftisol,Male,13,26,20,52.55606575,0,x930-20
x930,Naftisol,Male,13,26,25,53.72610129999999,0,x930-25
y163,Infubinol,Female,17,27,0,45.0,0,y163-0
y163,Infubinol,Female,17,27,5,48.28497016,0,y163-5
y163,Infubinol,Female,17,27,10,49.112399100000005,1,y163-10
y163,Infubinol,Female,17,27,15,51.52306843,1,y163-15
y163,Infubinol,Female,17,27,20,54.57107607,1,y163-20
y163,Infubinol,Female,17,27,25,56.17638452,1,y163-25
y163,Infubinol,Female,17,27,30,59.41253724,2,y163-30
y163,Infubinol,Female,17,27,35,61.73019562,2,y163-35
y163,Infubinol,Female,17,27,40,63.62067958,2,y163-40
y163,Infubinol,Female,17,27,45,67.68556862,3,y163-45
y260,Ketapril,Female,7,25,0,45.0,0,y260-0
y260,Ketapril,Female,7,25,5,46.79983867,0,y260-5
y260,Ketapril,Female,7,25,10,48.08180678,1,y260-10
y260,Ketapril,Female,7,25,15,50.19615224,2,y260-15
y260,Ketapril,Female,7,25,20,50.72958174,3,y260-20
y260,Ketapril,Female,7,25,25,54.43756172,4,y260-25
y260,Ketapril,Female,7,25,30,58.58267634,4,y260-30
y260,Ketapril,Female,7,25,35,59.60355821,4,y260-35
y260,Ketapril,Female,7,25,40,60.91417627,4,y260-40
y260,Ketapril,Female,7,25,45,62.90944062,4,y260-45
y478,Placebo,Female,3,25,0,45.0,0,y478-0
y478,Placebo,Female,3,25,5,48.64107818,1,y478-5
y478,Placebo,Female,3,25,10,52.28893409,1,y478-10
y478,Placebo,Female,3,25,15,53.61040585,1,y478-15
y478,Placebo,Female,3,25,20,56.84885016,1,y478-20
y478,Placebo,Female,3,25,25,57.82697598,1,y478-25
y478,Placebo,Female,3,25,30,59.37461452,1,y478-30
y478,Placebo,Female,3,25,35,61.88802678,1,y478-35
y478,Placebo,Female,3,25,40,65.97112017,1,y478-40
y478,Placebo,Female,3,25,45,66.84263453,1,y478-45
y601,Naftisol,Female,23,25,0,45.0,0,y601-0
y601,Naftisol,Female,23,25,5,48.47500273,1,y601-5
y769,Ceftamin,Female,6,27,0,45.0,0,y769-0
y769,Ceftamin,Female,6,27,5,46.42265176,1,y769-5
y769,Ceftamin,Female,6,27,10,48.01516261,1,y769-10
y769,Ceftamin,Female,6,27,15,52.76102114,2,y769-15
y769,Ceftamin,Female,6,27,20,55.02572434,2,y769-20
y769,Ceftamin,Female,6,27,25,58.33595901,3,y769-25
y769,Ceftamin,Female,6,27,30,61.07194886,3,y769-30
y769,Ceftamin,Female,6,27,35,63.43063221,3,y769-35
y769,Ceftamin,Female,6,27,40,64.25102761,4,y769-40
y769,Ceftamin,Female,6,27,45,68.59474498,4,y769-45
y865,Ceftamin,Male,23,26,0,45.0,0,y865-0
y865,Ceftamin,Male,23,26,5,46.73500592,1,y865-5
y865,Ceftamin,Male,23,26,10,49.52273955,1,y865-10
y865,Ceftamin,Male,23,26,15,50.80651856,1,y865-15
y865,Ceftamin,Male,23,26,20,52.36198241,1,y865-20
y865,Ceftamin,Male,23,26,25,57.17353846,2,y865-25
y865,Ceftamin,Male,23,26,30,59.0332753,3,y865-30
y865,Ceftamin,Male,23,26,35,61.15313991,3,y865-35
y865,Ceftamin,Male,23,26,40,63.46954946,3,y865-40
y865,Ceftamin,Male,23,26,45,64.72983655,3,y865-45
z234,Naftisol,Female,19,27,0,45.0,0,z234-0
z234,Naftisol,Female,19,27,5,46.12935706,1,z234-5
z314,Stelasyn,Female,21,28,0,45.0,0,z314-0
z314,Stelasyn,Female,21,28,5,45.93471217,0,z314-5
z435,Propriva,Female,12,26,0,45.0,0,z435-0
z435,Propriva,Female,12,26,5,47.11597963,0,z435-5
z435,Propriva,Female,12,26,10,48.71066147,0,z435-10
z581,Infubinol,Female,24,25,0,45.0,0,z581-0
z581,Infubinol,Female,24,25,5,49.27309187,1,z581-5
z581,Infubinol,Female,24,25,10,50.47875016,2,z581-10
z581,Infubinol,Female,24,25,15,51.1963042,2,z581-15
z581,Infubinol,Female,24,25,20,51.80794416,2,z581-20
z581,Infubinol,Female,24,25,25,54.31640682,2,z581-25
z581,Infubinol,Female,24,25,30,56.28674991,2,z581-30
z581,Infubinol,Female,24,25,35,58.62839878,3,z581-35
z581,Infubinol,Female,24,25,40,60.05373963,3,z581-40
z581,Infubinol,Female,24,25,45,62.75445141,3,z581-45
z795,Naftisol,Female,13,29,0,45.0,0,z795-0
z795,Naftisol,Female,13,29,5,46.83347493,0,z795-5
z795,Naftisol,Female,13,29,10,48.0308039,0,z795-10
z795,Naftisol,Female,13,29,15,49.36813189,1,z795-15
z795,Naftisol,Female,13,29,20,53.28065717,1,z795-20
z795,Naftisol,Female,13,29,25,57.94709984,2,z795-25
z795,Naftisol,Female,13,29,30,59.78963589999999,2,z795-30
z795,Naftisol,Female,13,29,35,60.43565416,2,z795-35
z795,Naftisol,Female,13,29,40,62.37663884,3,z795-40
z795,Naftisol,Female,13,29,45,65.74107029,3,z795-45
z969,Naftisol,Male,9,30,0,45.0,0,z969-0
z969,Naftisol,Male,9,30,5,49.33299873,0,z969-5
z969,Naftisol,Male,9,30,10,52.65608148,1,z969-10
z969,Naftisol,Male,9,30,15,54.71300452,2,z969-15
z969,Naftisol,Male,9,30,20,57.89877823,2,z969-20
z969,Naftisol,Male,9,30,25,63.14565213,2,z969-25
z969,Naftisol,Male,9,30,30,65.84101274,3,z969-30
z969,Naftisol,Male,9,30,35,69.17624607,4,z969-35
z969,Naftisol,Male,9,30,40,70.31490411,4,z969-40
z969,Naftisol,Male,9,30,45,73.86784476,4,z969-45
